Year,Mineral,HS_Code,Flow,Country,Value_USD,Volume,Market_Share_Pct
2018-2019,Copper,26030000,Import,AUSTRALIA,294.09,123723980.0,16.77083452137912
2018-2019,Copper,26030000,Import,BRAZIL,33.85,16569000.0,1.9303367967244152
2018-2019,Copper,26030000,Import,CANADA,,,
2018-2019,Copper,26030000,Import,CHILE,775.19,428117500.0,44.20613829993499
2018-2019,Copper,26030000,Import,CHINA P RP,,,
2018-2019,Copper,26030000,Import,CONGO D. REP.,,,
2018-2019,Copper,26030000,Import,CONGO P REP,,,
2018-2019,Copper,26030000,Import,GEORGIA,,,
2018-2019,Copper,26030000,Import,GERMANY,,,
2018-2019,Copper,26030000,Import,INDONESIA,393.82,125780000.0,22.458057231492145
2018-2019,Copper,26030000,Import,LAO PD RP,,,
2018-2019,Copper,26030000,Import,MADAGASCAR,0.03,27000.0,0.0017107859350585656
2018-2019,Copper,26030000,Import,MEXICO,,,
2018-2019,Copper,26030000,Import,PAPUA N GNA,,,
2018-2019,Copper,26030000,Import,PERU,154.4,68374192.0,8.804844945768085
2018-2019,Copper,26030000,Import,PHILIPPINES,27.61,10731050.0,1.5744933222322333
2018-2019,Copper,26030000,Import,SAUDI ARAB,60.49,41280000.0,3.4495147070564216
2018-2019,Copper,26030000,Import,THAILAND,14.1,9335000.0,0.8040693894775259
2018-2019,Copper,26030000,Import,TURKEY,,,
2018-2019,Copper,26030000,Import,U S A,0.0,45.0,0.0
2023-2024,Copper,26030000,Import,AUSTRALIA,302.04,74457216.0,9.639953913079557
2023-2024,Copper,26030000,Import,BRAZIL,52.26,18672976.0,1.6679379933039917
2023-2024,Copper,26030000,Import,CANADA,135.68,38513580.0,4.330383217211741
2023-2024,Copper,26030000,Import,CHILE,673.47,281283940.0,21.494569467096046
2023-2024,Copper,26030000,Import,COLOMBIA,20.09,968824.0,0.6411954513103175
2023-2024,Copper,26030000,Import,INDONESIA,1109.42,324177250.0,35.40841501208026
2023-2024,Copper,26030000,Import,MALAYSIA,51.69,10228560.0,1.6497457878661181
2023-2024,Copper,26030000,Import,MEXICO,,,
2023-2024,Copper,26030000,Import,MOROCCO,0.04,229180.0,0.001276645995640254
2023-2024,Copper,26030000,Import,NAMIBIA,24.44,9460876.0,0.7800307033361952
2023-2024,Copper,26030000,Import,PANAMA REPUBLIC,134.6,60459772.0,4.295913775329454
2023-2024,Copper,26030000,Import,PAPUA N GNA,203.49,58935600.0,6.4946173413208825
2023-2024,Copper,26030000,Import,PERU,211.73,99396672.0,6.757606416422774
2023-2024,Copper,26030000,Import,PHILIPPINES,140.41,30590856.0,4.481346606196201
2023-2024,Copper,26030000,Import,SOUTH AFRICA,0.86,225000.0,0.02744788890626546
2023-2024,Copper,26030000,Import,TAIWAN,,,
2023-2024,Copper,26030000,Import,TANZANIA REP,72.99,8700619.0,2.329559780544553
2023-2024,Copper,26030000,Import,TURKEY,,,
2023-2024,Copper,26030000,Import,VIETNAM SOC REP,,,
2023-2024,Copper,26030000,Import,ZAMBIA,0.0,37.0,0.0
2024-2025,Copper,26030000,Import,AUSTRALIA,669.63,156092506.0,17.400218272528843
2024-2025,Copper,26030000,Import,BRAZIL,22.16,9132930.0,0.5758237189481343
2024-2025,Copper,26030000,Import,CANADA,207.8,59128494.0,5.399646606381873
2024-2025,Copper,26030000,Import,CHILE,1366.14,554056770.0,35.49890863735578
2024-2025,Copper,26030000,Import,COLOMBIA,,,
2024-2025,Copper,26030000,Import,FRANCE,0.0,43.0,0.0
2024-2025,Copper,26030000,Import,INDONESIA,727.89,166114598.0,18.9140941690053
2024-2025,Copper,26030000,Import,MALAYSIA,,,
2024-2025,Copper,26030000,Import,MOROCCO,,,
2024-2025,Copper,26030000,Import,MOZAMBIQUE,0.07,26400.0,0.00181893774035963
2024-2025,Copper,26030000,Import,NAMIBIA,37.79,13719650.0,0.9819665315455772
2024-2025,Copper,26030000,Import,PANAMA REPUBLIC,,,
2024-2025,Copper,26030000,Import,PAPUA N GNA,74.94,19740240.0,1.947302775179295
2024-2025,Copper,26030000,Import,PERU,424.2,159608912.0,11.022762706579357
2024-2025,Copper,26030000,Import,PHILIPPINES,0.03,59370.0,0.0007795447458684128
2024-2025,Copper,26030000,Import,SOUTH AFRICA,,,
2024-2025,Copper,26030000,Import,TANZANIA REP,274.5,32818151.0,7.132834424695977
2024-2025,Copper,26030000,Import,U S A,43.25,5093651.0,1.1238436752936285
2024-2025,Copper,26030000,Import,ZAMBIA,0.0,90.0,0.0
2018-2019,Graphite,25041010,Import,AUSTRIA,,,
2018-2019,Graphite,25041010,Import,BELGIUM,0.03,39701.0,0.4120879120879121
2018-2019,Graphite,25041010,Import,BRAZIL,0.8,775000.0,10.98901098901099
2018-2019,Graphite,25041010,Import,CANADA,0.02,5850.0,0.27472527472527475
2018-2019,Graphite,25041010,Import,CHINA P RP,4.54,5736310.0,62.362637362637365
2018-2019,Graphite,25041010,Import,CZECH REPUBLIC,,,
2018-2019,Graphite,25041010,Import,DENMARK,,,
2018-2019,Graphite,25041010,Import,FRANCE,0.02,2287.0,0.27472527472527475
2018-2019,Graphite,25041010,Import,GERMANY,0.4,53580.0,5.494505494505495
2018-2019,Graphite,25041010,Import,JAPAN,0.05,9310.0,0.6868131868131869
2018-2019,Graphite,25041010,Import,MADAGASCAR,1.28,1316000.0,17.582417582417584
2018-2019,Graphite,25041010,Import,MOZAMBIQUE,0.02,20000.0,0.27472527472527475
2018-2019,Graphite,25041010,Import,NETHERLAND,,,
2018-2019,Graphite,25041010,Import,SRI LANKA DSR,,,
2018-2019,Graphite,25041010,Import,U K,0.09,91600.0,1.2362637362637363
2018-2019,Graphite,25041010,Import,U S A,0.03,9156.0,0.4120879120879121
2023-2024,Graphite,25041010,Import,AUSTRIA,0.01,7000.0,0.136986301369863
2023-2024,Graphite,25041010,Import,CANADA,0.04,9945.0,0.547945205479452
2023-2024,Graphite,25041010,Import,CHINA P RP,3.71,4133300.0,50.821917808219176
2023-2024,Graphite,25041010,Import,GERMANY,0.11,17595.0,1.5068493150684932
2023-2024,Graphite,25041010,Import,HONG KONG,,,
2023-2024,Graphite,25041010,Import,ITALY,0.0,495.0,0.0
2023-2024,Graphite,25041010,Import,JAPAN,0.39,24140.0,5.342465753424658
2023-2024,Graphite,25041010,Import,KOREA RP,,,
2023-2024,Graphite,25041010,Import,MADAGASCAR,2.3,2948650.0,31.506849315068493
2023-2024,Graphite,25041010,Import,MEXICO,,,
2023-2024,Graphite,25041010,Import,MOZAMBIQUE,0.08,120544.0,1.095890410958904
2023-2024,Graphite,25041010,Import,SINGAPORE,0.04,80000.0,0.547945205479452
2023-2024,Graphite,25041010,Import,SOUTH AFRICA,,,
2023-2024,Graphite,25041010,Import,SWEDEN,0.01,1080.0,0.136986301369863
2023-2024,Graphite,25041010,Import,TANZANIA REP,0.02,48000.0,0.273972602739726
2023-2024,Graphite,25041010,Import,U ARAB EMTS,0.07,75500.0,0.9589041095890412
2023-2024,Graphite,25041010,Import,U K,0.03,16000.0,0.410958904109589
2023-2024,Graphite,25041010,Import,U S A,0.15,42535.0,2.054794520547945
2023-2024,Graphite,25041010,Import,UKRAINE,0.0,150.0,0.0
2023-2024,Graphite,25041010,Import,VIETNAM SOC REP,0.34,674000.0,4.657534246575342
2024-2025,Graphite,25041010,Import,AUSTRIA,0.01,7000.0,0.136986301369863
2024-2025,Graphite,25041010,Import,CANADA,0.04,9945.0,0.547945205479452
2024-2025,Graphite,25041010,Import,CHINA P RP,3.71,4133300.0,50.821917808219176
2024-2025,Graphite,25041010,Import,GERMANY,0.11,17595.0,1.5068493150684932
2024-2025,Graphite,25041010,Import,HONG KONG,,,
2024-2025,Graphite,25041010,Import,ITALY,0.0,495.0,0.0
2024-2025,Graphite,25041010,Import,JAPAN,0.39,24140.0,5.342465753424658
2024-2025,Graphite,25041010,Import,KOREA RP,,,
2024-2025,Graphite,25041010,Import,MADAGASCAR,2.3,2948650.0,31.506849315068493
2024-2025,Graphite,25041010,Import,MEXICO,,,
2024-2025,Graphite,25041010,Import,MOZAMBIQUE,0.08,120544.0,1.095890410958904
2024-2025,Graphite,25041010,Import,SINGAPORE,0.04,80000.0,0.547945205479452
2024-2025,Graphite,25041010,Import,SOUTH AFRICA,,,
2024-2025,Graphite,25041010,Import,SWEDEN,0.01,1080.0,0.136986301369863
2024-2025,Graphite,25041010,Import,TANZANIA REP,0.02,48000.0,0.273972602739726
2024-2025,Graphite,25041010,Import,U ARAB EMTS,0.07,75500.0,0.9589041095890412
2024-2025,Graphite,25041010,Import,U K,0.03,16000.0,0.410958904109589
2024-2025,Graphite,25041010,Import,U S A,0.15,42535.0,2.054794520547945
2024-2025,Graphite,25041010,Import,UKRAINE,0.0,150.0,0.0
2024-2025,Graphite,25041010,Import,VIETNAM SOC REP,0.34,674000.0,4.657534246575342
2018-2019,Lithium (Carbonate),28369100,Import,ARGENTINA,0.42,26000.0,2.7149321266968323
2018-2019,Lithium (Carbonate),28369100,Import,AUSTRIA,0.32,8500.0,2.068519715578539
2018-2019,Lithium (Carbonate),28369100,Import,BELGIUM,2.42,229200.0,15.643180349062701
2018-2019,Lithium (Carbonate),28369100,Import,CHILE,3.99,238000.0,25.791855203619914
2018-2019,Lithium (Carbonate),28369100,Import,CHINA P RP,2.02,172033.0,13.05753070458953
2018-2019,Lithium (Carbonate),28369100,Import,FRANCE,0.06,110000.0,0.38784744667097604
2018-2019,Lithium (Carbonate),28369100,Import,GERMANY,0.0,147.0,0.0
2018-2019,Lithium (Carbonate),28369100,Import,IRELAND,0.24,440000.0,1.5513897866839041
2018-2019,Lithium (Carbonate),28369100,Import,ITALY,0.03,1400.0,0.19392372333548802
2018-2019,Lithium (Carbonate),28369100,Import,JAPAN,,,
2018-2019,Lithium (Carbonate),28369100,Import,SINGAPORE,0.13,3531.0,0.8403361344537815
2018-2019,Lithium (Carbonate),28369100,Import,SLOVENIA,0.6,14500.0,3.8784744667097604
2018-2019,Lithium (Carbonate),28369100,Import,U K,0.38,160002.0,2.4563671622495153
2018-2019,Lithium (Carbonate),28369100,Import,U S A,4.86,130411.0,31.41564318034906
2023-2024,Lithium (Carbonate),28369100,Import,ARGENTINA,3.78,95000.0,15.353371242891958
2023-2024,Lithium (Carbonate),28369100,Import,BELGIUM,4.66,166860.0,18.927701056051994
2023-2024,Lithium (Carbonate),28369100,Import,BRAZIL,1.73,28600.0,7.0268074735987005
2023-2024,Lithium (Carbonate),28369100,Import,CHILE,0.37,13600.0,1.502843216896832
2023-2024,Lithium (Carbonate),28369100,Import,CHINA P RP,3.96,126032.0,16.084484159220146
2023-2024,Lithium (Carbonate),28369100,Import,GERMANY,1.62,38010.0,6.580016246953697
2023-2024,Lithium (Carbonate),28369100,Import,HONG KONG,0.0,1.0,0.0
2023-2024,Lithium (Carbonate),28369100,Import,IRELAND,0.23,400000.0,0.9341998375304632
2023-2024,Lithium (Carbonate),28369100,Import,JAPAN,0.04,380.0,0.16246953696181968
2023-2024,Lithium (Carbonate),28369100,Import,NETHERLAND,0.12,200000.0,0.487408610885459
2023-2024,Lithium (Carbonate),28369100,Import,SINGAPORE,0.02,300.0,0.08123476848090984
2023-2024,Lithium (Carbonate),28369100,Import,SLOVENIA,1.1,5000.0,4.467912266450042
2023-2024,Lithium (Carbonate),28369100,Import,U K,0.73,20000.0,2.9650690495532093
2023-2024,Lithium (Carbonate),28369100,Import,U S A,6.26,52300.0,25.42648253452478
2024-2025,Lithium (Carbonate),28369100,Import,ARGENTINA,,,
2024-2025,Lithium (Carbonate),28369100,Import,BELGIUM,0.98,75600.0,7.980456026058631
2024-2025,Lithium (Carbonate),28369100,Import,BRAZIL,0.02,300.0,0.16286644951140064
2024-2025,Lithium (Carbonate),28369100,Import,CANADA,0.72,8000.0,5.8631921824104225
2024-2025,Lithium (Carbonate),28369100,Import,CHILE,1.61,147000.0,13.110749185667753
2024-2025,Lithium (Carbonate),28369100,Import,CHINA P RP,3.26,222552.0,26.547231270358303
2024-2025,Lithium (Carbonate),28369100,Import,GERMANY,1.11,88665.0,9.039087947882736
2024-2025,Lithium (Carbonate),28369100,Import,HONG KONG,0.0,1.0,0.0
2024-2025,Lithium (Carbonate),28369100,Import,IRELAND,0.22,400000.0,1.7915309446254069
2024-2025,Lithium (Carbonate),28369100,Import,ITALY,0.01,500.0,0.08143322475570032
2024-2025,Lithium (Carbonate),28369100,Import,JAPAN,0.07,1379.0,0.5700325732899023
2024-2025,Lithium (Carbonate),28369100,Import,NETHERLAND,,,
2024-2025,Lithium (Carbonate),28369100,Import,SINGAPORE,,,
2024-2025,Lithium (Carbonate),28369100,Import,SLOVENIA,,,
2024-2025,Lithium (Carbonate),28369100,Import,THAILAND,0.02,200.0,0.16286644951140064
2024-2025,Lithium (Carbonate),28369100,Import,U ARAB EMTS,0.0,41.0,0.0
2024-2025,Lithium (Carbonate),28369100,Import,U K,0.29,20000.0,2.361563517915309
2024-2025,Lithium (Carbonate),28369100,Import,U S A,3.97,42456.0,32.328990228013026
2024-2025,Lithium (Carbonate),28369100,Import,ZIMBABWE,0.0,145.0,0.0
