Date,Forecast_SARIMAX,Forecast_LSTM,Forecast_Hybrid,mean_ci_upper,mean_ci_lower,Mineral
2024-05-01,-1.455654801504106e-45,0.000640297,0.0002561188011895865,0.0004558771284327785,-0.0004558771284327785,Cobalt-MattesIntermediates
2024-06-01,-2.705619250683381e-45,0.00072282535,0.00028913014102727175,0.0009895757800876374,-0.0009895757800876374,Cobalt-MattesIntermediates
2024-07-01,-3.7789582886184955e-45,0.0008074282,0.00032297128927893937,0.0015869733619048546,-0.0015869733619048546,Cobalt-MattesIntermediates
2024-08-01,-4.700629853847343e-45,0.000895434,0.00035817359457723796,0.00221952231403254,-0.00221952231403254,Cobalt-MattesIntermediates
2024-09-01,-5.4920652196806945e-45,0.0009865712,0.00039462847053073347,0.002869533446964734,-0.002869533446964734,Cobalt-MattesIntermediates
2024-10-01,-6.171667327331965e-45,0.0010806008,0.0004322403110563755,0.0035254645422057936,-0.0035254645422057936,Cobalt-MattesIntermediates
2024-11-01,-6.755238702409106e-45,0.0011773539,0.000470941566163674,0.004179582743607961,-0.004179582743607961,Cobalt-MattesIntermediates
2024-12-01,-7.256348904945702e-45,0.00123327,0.0004933080053888261,0.004826662491436148,-0.004826662491436148,Cobalt-MattesIntermediates
2025-01-01,-7.686650057145077e-45,0.0012853794,0.0005141517613083124,0.005463193199829351,-0.005463193199829351,Cobalt-MattesIntermediates
2025-02-01,-8.056147785682321e-45,0.0013334267,0.0005333707085810602,0.00608686661221272,-0.00608686661221272,Cobalt-MattesIntermediates
2025-03-01,-8.37343387868103e-45,0.0013769598,0.0005507839377969503,0.00669623049331673,-0.00669623049331673,Cobalt-MattesIntermediates
2025-04-01,-8.6458860672477e-45,0.0014155577,0.0005662231124006212,0.007290447352799282,-0.007290447352799282,Cobalt-MattesIntermediates
2025-05-01,-8.879839577006699e-45,0.0014488321,0.0005795328761450946,0.007869122545945649,-0.007869122545945649,Cobalt-MattesIntermediates
2025-06-01,-9.080734438657482e-45,0.0014764253,0.0005905701545998454,0.008432179801133767,-0.008432179801133767,Cobalt-MattesIntermediates
2025-07-01,-9.253241982909593e-45,0.0015010217,0.0006004087044857442,0.008979770037508394,-0.008979770037508394,Cobalt-MattesIntermediates
2025-08-01,-9.401373461133381e-45,0.0015227771,0.0006091108662076294,0.009512204034570907,-0.009512204034570907,Cobalt-MattesIntermediates
2025-09-01,-9.528573317440514e-45,0.0015418712,0.0006167485262267292,0.01002990246681198,-0.01002990246681198,Cobalt-MattesIntermediates
2025-10-01,-9.637799281013979e-45,0.0015585283,0.0006234113243408501,0.010533358739175033,-0.010533358739175033,Cobalt-MattesIntermediates
2025-11-01,-9.731591141043643e-45,0.0015730133,0.0006292053149081767,0.011023111350138356,-0.011023111350138356,Cobalt-MattesIntermediates
2025-12-01,-9.81212980346439e-45,0.00158563,0.0006342520355246961,0.011499723398301584,-0.011499723398301584,Cobalt-MattesIntermediates
2026-01-01,-9.881288002720398e-45,0.0015967173,0.0006386869354173541,0.011963767473814514,-0.011963767473814514,Cobalt-MattesIntermediates
2026-02-01,-9.940673847736636e-45,0.0016064334,0.0006425734027288854,0.012415814623888357,-0.012415814623888357,Cobalt-MattesIntermediates
2026-03-01,-9.991668214655268e-45,0.001614933,0.0006459731957875192,0.012856426407229265,-0.012856426407229265,Cobalt-MattesIntermediates
2026-04-01,-1.0035456855815817e-44,0.0016223629,0.000648945162538439,0.01328614929193256,-0.01328614929193256,Cobalt-MattesIntermediates
2026-05-01,-1.0073057971596836e-44,0.0016288599,0.0006515439599752426,0.01370551082972045,-0.01370551082972045,Cobalt-MattesIntermediates
2026-06-01,-1.0105345886236479e-44,0.0016345466,0.00065381865715608,0.014115017173291519,-0.014115017173291519,Cobalt-MattesIntermediates
2026-07-01,-1.0133071378156668e-44,0.001639528,0.0006558112218044698,0.014515151604816607,-0.014515151604816607,Cobalt-MattesIntermediates
2026-08-01,-1.0156879137524092e-44,0.0016438888,0.0006575555307790637,0.014906373820691578,-0.014906373820691578,Cobalt-MattesIntermediates
2026-09-01,-1.0177322756981909e-44,0.0016477054,0.0006590822013095021,0.015289119776628222,-0.015289119776628222,Cobalt-MattesIntermediates
2026-10-01,-1.01948776041259e-44,0.0016510463,0.0006604185327887535,0.01566380194247587,-0.01566380194247587,Cobalt-MattesIntermediates
2026-11-01,-1.0209951875043766e-44,0.0016539708,0.0006615883321501315,0.016030809851102588,-0.016030809851102588,Cobalt-MattesIntermediates
2026-12-01,-1.0222896085941267e-44,0.0016565316,0.0006626126705668867,0.01639051085267407,-0.01639051085267407,Cobalt-MattesIntermediates
2027-01-01,-1.0234011223560321e-44,0.0016587739,0.0006635095342062414,0.016743251006590527,-0.016743251006590527,Cobalt-MattesIntermediates
2027-02-01,-1.0243555743907588e-44,0.0016607372,0.0006642948719672859,0.017089356059570415,-0.017089356059570415,Cobalt-MattesIntermediates
2027-03-01,-1.0251751582032275e-44,0.0016624562,0.0006649824790656567,0.0174291324709655,-0.0174291324709655,Cobalt-MattesIntermediates
2027-04-01,-1.0258789312596213e-44,0.0016639614,0.0006655845791101456,0.01776286845616775,-0.01776286845616775,Cobalt-MattesIntermediates
2024-05-01,3902.625223655596,3673.0022,3810.7760619277324,3967.289206384753,3837.961240926439,Copper
2024-06-01,3951.759631127348,3711.4397,3855.6317064107834,4093.313730719521,3810.2055315351745,Copper
2024-07-01,3996.2811625263425,3740.1614,3893.833272711118,4226.397278118871,3766.1650469338133,Copper
2024-08-01,4036.622887604665,3757.0063,3924.7763448674864,4363.193995551434,3710.051779657895,Copper
2024-09-01,4073.177218310632,3760.5327,3948.119465752004,4501.594714466168,3644.759722155096,Copper
2024-10-01,4106.29972585752,3750.577,3964.0106704754494,4640.19235882979,3572.4070928852498,Copper
2024-11-01,4136.312599435165,3727.4211,3972.756065520474,4778.015919627102,3494.6092792432273,Copper
2024-12-01,4163.507780208016,3742.6755,3995.174858554497,4914.384186481721,3412.63137393431,Copper
2025-01-01,4188.149801084647,3750.2966,4013.008532994538,5048.817647633226,3327.4819545360683,Copper
2025-02-01,4210.478359881746,3751.7705,4026.9952678821724,5180.981720600248,3239.9749991632434,Copper
2025-03-01,4230.7106509122395,3749.477,4038.217284102031,5310.648296522243,3150.773005302236,Copper
2025-04-01,4249.043477677385,3746.4358,4048.0004274267435,5437.668691267692,3060.418264087078,Copper
2025-05-01,4265.6551672134,3745.695,4057.671176499915,5561.954064685766,2969.356269741035,Copper
2025-06-01,4280.707304713852,3750.231,4068.5167900548736,5683.460927484243,2877.9536819434607,Copper
2025-07-01,4294.346305300836,3751.646,4077.266230446127,5802.180226791713,2786.51238380996,Copper
2025-08-01,4306.704838233862,3751.476,4084.613357041879,5918.12901545601,2695.2806610117127,Copper
2025-09-01,4317.903117410008,3751.066,4091.168262047567,6031.344027028928,2604.462207791088,Copper
2025-10-01,4328.050070708308,3751.2842,4097.343714299985,6141.876681302023,2514.2234601145938,Copper
2025-11-01,4337.244399552797,3752.319,4103.274252036366,6249.789179481195,2424.6996196244,Copper
2025-12-01,4345.575539000809,3753.6724,4108.81431754111,6355.151439406929,2335.999638594689,Copper
2026-01-01,4353.124527695489,3754.1697,4113.54256329698,6458.038684898585,2248.2103704923925,Copper
2026-02-01,4359.964796144724,3754.4756,4117.769160889959,6558.529548658372,2161.4000436310753,Copper
2026-03-01,4366.16288099423,3754.9487,4121.677220784039,6656.704581096203,2075.6211808922585,Copper
2026-04-01,4371.779072242687,3755.6548,4125.3294062362365,6752.645081738045,1990.9130627473291,Copper
2026-05-01,4376.867999694487,3756.4573,4128.703685558879,6846.432188081182,1907.3038113077905,Copper
2026-06-01,4381.479164354664,3757.175,4131.757493729986,6938.146170569291,1824.8121581400378,Copper
2026-07-01,4385.657419934973,3757.733,4134.4875916094215,7027.865892958507,1743.44894691144,Copper
2026-08-01,4389.443409154823,3758.32,4136.994048422581,7115.668405562346,1663.2184127472997,Copper
2026-09-01,4392.873959081057,3758.9832,4139.317637167384,7201.6286452908735,1584.1192728712417,Copper
2026-10-01,4395.982439352128,3759.6875,4141.464463611277,7285.819221467596,1506.1456572366587,Copper
2026-11-01,4398.799086771172,3760.3828,4143.432650304891,7368.310270431637,1429.2879031107072,Copper
2026-12-01,4401.351299425391,3761.047,4145.2296028974215,7449.16936514764,1353.5332337031414,Copper
2027-01-01,4403.663903192659,3761.699,4146.877907345282,7528.4614686282885,1278.8663377570292,Copper
2027-02-01,4405.759393227764,3762.376,4148.406075389783,7606.248922058438,1205.2698643970898,Copper
2027-03-01,4407.658152777228,3763.0723,4149.823773502274,7682.591460198797,1132.7248453556585,Copper
2027-04-01,4409.37865145118,3763.7737,4151.136712355083,7757.546248020688,1061.2110548816722,Copper
2024-05-01,57.79359540401727,58.271427,57.98472810422677,58.43148179374093,57.155709014293606,Graphite-ArtificialGraphite
2024-06-01,57.163722264628014,57.67728,57.36914667359614,58.57151707851928,55.75592745073675,Graphite-ArtificialGraphite
2024-07-01,56.56837797361362,57.112988,56.786222554431845,58.883775865699086,54.25298008152816,Graphite-ArtificialGraphite
2024-08-01,56.00566970320365,56.579147,56.23506037599934,59.33298398911901,52.678355417288294,Graphite-ArtificialGraphite
2024-09-01,55.473808388050585,56.071106,55.71272703417312,59.894527790929175,51.053088985171996,Graphite-ArtificialGraphite
2024-10-01,54.97110303710514,55.589172,55.21833191198476,60.54999980230315,49.39220627190713,Graphite-ArtificialGraphite
2024-11-01,54.495955357307345,55.141197,54.75405171475062,61.28495478612701,47.70695592848768,Graphite-ArtificialGraphite
2024-12-01,54.04685467200008,54.664474,54.29390221665219,62.0876805268242,46.00602881717596,Graphite-ArtificialGraphite
2025-01-01,53.62237311790876,54.20672,53.85611163014467,62.94845947363546,44.296286762182056,Graphite-ArtificialGraphite
2025-02-01,53.22116110541649,53.76761,53.43974050175087,63.85909205544034,42.58323015539264,Graphite-ArtificialGraphite
2025-03-01,52.841943027701234,53.344803,53.04308695919886,64.81257121016364,40.87131484523883,Graphite-ArtificialGraphite
2025-04-01,52.483513205092606,52.936287,52.66462269356337,65.80285011254934,39.164176297635876,Graphite-ArtificialGraphite
2025-05-01,52.14473205175393,52.541855,52.30358193735118,66.82467040837581,37.464793695132045,Graphite-ArtificialGraphite
2025-06-01,51.824522452501895,52.15875,51.95821406659391,67.87343144302427,35.77561346197952,Graphite-ArtificialGraphite
2025-07-01,51.52186633824443,51.79151,51.62972403573474,68.94508827038446,34.0986444061044,Graphite-ArtificialGraphite
2025-08-01,51.235801449148674,51.439438,51.31725601597358,70.03607048400802,32.43553241428933,Graphite-ArtificialGraphite
2025-09-01,50.96541827524804,51.10045,51.019430789977925,71.14321650535715,30.787620045138933,Graphite-ArtificialGraphite
2025-10-01,50.70985716476129,50.77496,50.73589850601009,72.26371960405545,29.15599472546712,Graphite-ArtificialGraphite
2025-11-01,50.46830559092991,50.463238,50.466278459538415,73.39508299658632,27.5415281852735,Graphite-ArtificialGraphite
2025-12-01,50.23999556868401,50.165024,50.21000686269478,74.53508209010002,25.944909047268002,Graphite-ArtificialGraphite
2026-01-01,50.02420121292332,49.88033,49.966651999116294,75.68173243432317,24.366669991523484,Graphite-ArtificialGraphite
2026-02-01,49.82023643065015,49.608685,49.73561529283833,76.83326229429127,22.80721056700903,Graphite-ArtificialGraphite
2026-03-01,49.62745273961663,49.34969,49.51634743722701,77.98808900800022,21.266816471233046,Graphite-ArtificialGraphite
2026-04-01,49.44523720655108,49.10307,49.30837004609862,79.14479847701938,19.74567593608278,Graphite-ArtificialGraphite
2026-05-01,49.273010498408055,48.868477,49.11119819052432,80.30212727491487,18.24389372190124,Graphite-ArtificialGraphite
2026-06-01,49.11022504044652,48.6456,48.92437553330112,81.45894696159036,16.761503119302688,Graphite-ArtificialGraphite
2026-07-01,48.956363275279756,48.43405,48.74743895210633,82.61425027064882,15.298476279910687,Graphite-ArtificialGraphite
2026-08-01,48.810936017361996,48.23341,48.57992518158419,83.76713889806567,13.854733136658332,Graphite-ArtificialGraphite
2026-09-01,48.673480897680015,48.043266,48.421394675692966,84.91681266839876,12.430149126961268,Graphite-ArtificialGraphite
2026-10-01,48.54356089370474,47.86324,48.2714326330246,86.06255989271222,11.024561894697264,Graphite-ArtificialGraphite
2026-11-01,48.42076293992909,47.692863,48.129604294108816,87.20374876272992,9.637777117128266,Graphite-ArtificialGraphite
2026-12-01,48.304696614574326,47.530163,47.99488385619577,88.33981965021033,8.269573578938328,Graphite-ArtificialGraphite
2027-01-01,48.19499289828952,47.3762,47.86747715376863,89.47027820044431,6.919707596134728,Graphite-ArtificialGraphite
2027-02-01,48.09130300089756,47.230553,47.747003251344196,90.59468912510195,5.587916876693178,Graphite-ArtificialGraphite
2027-03-01,47.993297252457445,47.092796,47.63309650027818,91.71267061313564,4.273923891779248,Graphite-ArtificialGraphite
2027-04-01,47.90066405511712,46.962524,47.52540781722554,92.82388928965756,2.977438820576687,Graphite-ArtificialGraphite
2024-05-01,11.3033337876908,9.915525,10.74821039949131,11.407543718635203,11.199123856746397,Graphite-NaturalGraphite
2024-06-01,11.58117723386922,9.984936,10.942680787571899,11.812183404874592,11.350171062863847,Graphite-NaturalGraphite
2024-07-01,11.8443483509506,10.0045185,11.108416700237107,12.225154524648282,11.463542177252918,Graphite-NaturalGraphite
2024-08-01,12.093621953831938,9.974172,11.245841780010956,12.641721864881992,11.545522042781885,Graphite-NaturalGraphite
2024-09-01,12.32973194106214,9.895623,11.356088495157914,13.058861372994063,11.60060250913022,Graphite-NaturalGraphite
2024-10-01,12.55337345554847,9.77509,11.442060160365216,13.474515893295216,11.632231017801725,Graphite-NaturalGraphite
2024-11-01,12.76520493116062,9.605344,11.501260533845908,13.887226564309286,11.643183298011953,Graphite-NaturalGraphite
2024-12-01,12.965850031257915,9.554091,11.601146695543079,14.295933073398148,11.635766989117682,Graphite-NaturalGraphite
2025-01-01,13.155899484846977,9.485061,11.687563919957867,14.699854999136628,11.611943970557325,Graphite-NaturalGraphite
2025-02-01,13.335912825775743,9.4053335,11.763681055374503,15.09841616890912,11.573409482642367,Graphite-NaturalGraphite
2025-03-01,13.506420040084311,9.321273,11.832361211748951,15.491193761179522,11.5216463189891,Graphite-NaturalGraphite
2025-04-01,13.667923126362636,9.239016,11.896360107507034,15.87788258455845,11.457963668166823,Graphite-NaturalGraphite
2025-05-01,13.820897573709015,9.162277,11.95744957594843,16.25826915562658,11.383525991791451,Graphite-NaturalGraphite
2025-06-01,13.965793761640693,9.097198,12.018355317729656,16.632212373276932,11.299375150004455,Graphite-NaturalGraphite
2025-07-01,14.103038286078123,9.031217,12.074309572522727,16.999628790020846,11.206447782135399,Graphite-NaturalGraphite
2025-08-01,14.233035215306776,8.966623,12.126470547061263,17.360481180962253,11.1055892496513,Graphite-NaturalGraphite
2025-09-01,14.356167279614258,8.904796,12.175618626435547,17.71476953714961,10.997565022078906,Graphite-NaturalGraphite
2025-10-01,14.47279699810518,8.846328,12.22220926385029,18.062523879068756,10.883070117141605,Graphite-NaturalGraphite
2025-11-01,14.583267746011296,8.791346,12.266499029183315,18.40379846155542,10.762737030467171,Graphite-NaturalGraphite
2025-12-01,14.687904765639246,8.739664,12.308608442803347,18.738667059180383,10.637142472098109,Graphite-NaturalGraphite
2026-01-01,14.787016123932254,8.69029,12.348325854779274,19.067219102175425,10.506813145689083,Graphite-NaturalGraphite
2026-02-01,14.880893619465024,8.643542,12.38595318294,19.389556489938098,10.37223074899195,Graphite-NaturalGraphite
2026-03-01,14.96981364154212,8.599475,12.421678195377542,19.705790950008627,10.233836333075612,Graphite-NaturalGraphite
2026-04-01,15.054037983929174,8.558062,12.455647477933798,20.016041840232567,10.09203412762578,Graphite-NaturalGraphite
2026-05-01,15.133814615612659,8.519044,12.487906338337321,20.320434313937074,9.947194917288243,Graphite-NaturalGraphite
2026-06-01,15.209378410857447,8.482362,12.518571859289127,20.619097784586454,9.799659037128439,Graphite-NaturalGraphite
2026-07-01,15.280951840711571,8.447752,12.547671903987489,20.91216463906489,9.649739042358252,Graphite-NaturalGraphite
2026-08-01,15.34874562799407,8.415155,12.575309541103083,21.199769158517817,9.497722097470323,Graphite-NaturalGraphite
2026-09-01,15.412959367694288,8.3845825,12.601608580745356,21.482046613313663,9.343872122074915,Graphite-NaturalGraphite
2026-10-01,15.47378211460921,8.355925,12.626639063611107,21.759132504698734,9.188431724519685,Graphite-NaturalGraphite
2026-11-01,15.531392939948882,8.329077,12.650466470756438,22.03116193049706,9.031623949400704,Graphite-NaturalGraphite
2026-12-01,15.58596145854869,8.30393,12.673148940482607,22.29826905603939,8.873653861057988,Graphite-NaturalGraphite
2027-01-01,15.637648328240646,8.280394,12.694746389446218,22.56058667460261,8.71470998187868,Graphite-NaturalGraphite
2027-02-01,15.68660572285393,8.258385,12.715317458599442,22.818245844162014,8.554965601545845,Graphite-NaturalGraphite
2027-03-01,15.732977780237274,8.237827,12.734917636236236,23.071375589325182,8.394579971149366,Graphite-NaturalGraphite
2027-04-01,15.776901026622218,8.218632,12.753593313727237,23.320102659019895,8.23369939422454,Graphite-NaturalGraphite
2024-05-01,7.3,7.4413004,7.356520299911499,7.372752317509324,7.227247682490676,Graphite
2024-06-01,7.3,7.463145,7.365257863998413,7.458809798419241,7.141190201580758,Graphite
2024-07-01,7.3,7.486796,7.374718313217163,7.556939570178942,7.0430604298210575,Graphite
2024-08-01,7.3,7.512067,7.384826784133911,7.662739186069576,6.937260813930424,Graphite
2024-09-01,7.3,7.5406923,7.396277074813843,7.773355694609095,6.8266443053909045,Graphite
2024-10-01,7.3,7.5735393,7.409415845870972,7.886827238303831,6.7131727616961685,Graphite
2024-11-01,7.3,7.6113377,7.424535160064697,8.001754709670834,6.5982452903291655,Graphite
2024-12-01,7.3,7.6358466,7.434338693618774,8.117119127277439,6.482880872722561,Graphite
2025-01-01,7.3,7.6606555,7.4442621517181395,8.232170194010871,6.367829805989127,Graphite
2025-02-01,7.3,7.685664,7.454265718460083,8.346353558118349,6.253646441881651,Graphite
2025-03-01,7.3,7.7108083,7.464323406219482,8.459260941797416,6.140739058202584,Graphite
2025-04-01,7.3,7.7356963,7.474278573989868,8.570594672120139,6.029405327879862,Graphite
2025-05-01,7.3,7.759613,7.483845357894897,8.68014174474187,5.919858255258128,Graphite
2025-06-01,7.3,7.781648,7.492659215927124,8.787754449325817,5.8122455506741835,Graphite
2025-07-01,7.3,7.803416,7.501366262435913,8.89333565497097,5.706664345029029,Graphite
2025-08-01,7.3,7.824852,7.509940748214722,8.996827489452894,5.603172510547106,Graphite
2025-09-01,7.3,7.8458853,7.5183540630340575,9.098202541175006,5.501797458824995,Graphite
2025-10-01,7.3,7.8664255,7.5265702056884765,9.197456967909014,5.4025430320909855,Graphite
2025-11-01,7.3,7.886418,7.534567241668701,9.294605066694043,5.305394933305958,Graphite
2025-12-01,7.3,7.9059134,7.542365436553955,9.38967497614572,5.2103250238542795,Graphite
2026-01-01,7.3,7.9251175,7.550047044754028,9.482705264624373,5.117294735375626,Graphite
2026-02-01,7.3,7.944024,7.55760968208313,9.573742216749837,5.026257783250163,Graphite
2026-03-01,7.3,7.9626336,7.565053586959839,9.662837673939881,4.937162326060118,Graphite
2026-04-01,7.3,7.9809566,7.572382574081421,9.750047316753601,4.849952683246399,Graphite
2026-05-01,7.3,7.9990187,7.5796076107025145,9.835429301021085,4.764570698978915,Graphite
2026-06-01,7.3,8.016861,7.586744432449341,9.919043178205975,4.680956821794025,Graphite
2026-07-01,7.3,8.034524,7.593809728622436,10.00094904468834,4.599050955311658,Graphite
2026-08-01,7.3,8.052022,7.600808744430542,10.081206875741044,4.518793124258956,Graphite
2026-09-01,7.3,8.069374,7.607749586105347,10.159876008673224,4.440123991326775,Graphite
2026-10-01,7.3,8.086602,7.614640836715698,10.237014746492097,4.362985253507903,Graphite
2026-11-01,7.3,8.103726,7.621490602493286,10.312680058904897,4.287319941095102,Graphite
2026-12-01,7.3,8.120772,7.6283088970184325,10.386927361858454,4.213072638141545,Graphite
2027-01-01,7.3,8.137764,7.63510573387146,10.459810360330367,4.140189639669632,Graphite
2027-02-01,7.3,8.154718,7.641887311935425,10.531380941923752,4.068619058076248,Graphite
2027-03-01,7.3,8.1716585,7.64866340637207,10.601689111116332,3.9983108888836663,Graphite
2027-04-01,7.3,8.188602,7.65544093132019,10.670782955882432,3.9292170441175673,Graphite
2024-05-01,1.204518305482575,4.3230257,2.4519212408197575,2.0101232181562794,0.3989133928088706,LithiumCarbonate
2024-06-01,1.1386619677492604,4.6588054,2.5467193526237386,2.889676872329225,-0.6123529368307041,LithiumCarbonate
2024-07-01,1.0812035700891076,5.019876,2.656672686410764,3.899432308192039,-1.737025168013824,LithiumCarbonate
2024-08-01,1.0310722148497447,5.4093246,2.782373234992,4.988633738893357,-2.9264893091938684,LithiumCarbonate
2024-09-01,0.9873335642698997,5.826371,2.922948663418507,6.12487076489606,-4.15020363635626,LithiumCarbonate
2024-10-01,0.9491724264867417,6.271228,3.0779947335867472,7.28625828935092,-5.387913436377437,LithiumCarbonate
2024-11-01,0.9158775621596692,6.733064,3.2427521594729254,8.457530057575688,-6.625774933256349,LithiumCarbonate
2024-12-01,0.8868284285395649,6.998922,3.3316659486490074,9.627856258876935,-7.854199401797806,LithiumCarbonate
2025-01-01,0.8614836139222389,7.253922,3.4184590579712633,10.789508412468457,-9.06654118462398,LithiumCarbonate
2025-02-01,0.8393707469298114,7.494244,3.501320039939503,11.936988147270498,-10.258246653410875,LithiumCarbonate
2025-03-01,0.8200776925513226,7.7146683,3.577914020468538,13.066431754864427,-11.426276369761782,LithiumCarbonate
2025-04-01,0.8032448708562074,7.913254,3.647248483869315,14.175189210526726,-12.56869946881431,LithiumCarbonate
2025-05-01,0.7885585552184172,8.087292,3.708051820142769,15.261518957882098,-13.684401847445264,LithiumCarbonate
2025-06-01,0.7757450251448827,8.235477,3.7596381371419834,16.32436239674003,-14.772872346450267,LithiumCarbonate
2025-07-01,0.764565464729955,8.370593,3.8069765549152437,17.363174860170545,-15.834043930710635,LithiumCarbonate
2025-08-01,0.7548115116542791,8.492657,3.849949685465468,18.377797557240648,-16.86817453393209,LithiumCarbonate
2025-09-01,0.7463013737712678,8.601182,3.888253665525578,19.3683597723815,-17.875757024838965,LithiumCarbonate
2025-10-01,0.7388764409029247,8.697893,3.922483073938117,20.33520374208265,-18.857450860276803,LithiumCarbonate
2025-11-01,0.7323983286963697,8.7839575,3.9530219420878168,21.278826729879853,-19.814030072487114,LithiumCarbonate
2025-12-01,0.7267462994450827,8.860782,3.980360495197445,22.199836268635654,-20.74634366974549,LithiumCarbonate
2026-01-01,0.7218150118046681,8.929797,4.005007971468787,23.098915560709287,-21.65528553709995,LithiumCarbonate
2026-02-01,0.7175125574628105,8.991627,4.027158373329615,23.97679676166413,-22.541771646738507,LithiumCarbonate
2026-03-01,0.7137587481712858,9.04694,4.047031331895325,24.83424041101117,-23.406722914668595,LithiumCarbonate
2026-04-01,0.7104836212140865,9.096462,4.06487502494708,25.67201967275302,-24.251052430324844,LithiumCarbonate
2026-05-01,0.7076261354568874,9.140609,4.080819243972496,26.4909083485699,-25.075656077656124,LithiumCarbonate
2026-06-01,0.7051330336750931,9.179959,4.095063539077126,27.291671854425456,-25.88140578707527,LithiumCarbonate
2026-07-01,0.7029578499567748,9.215203,4.10785611942841,28.075060526095548,-26.669144826182,LithiumCarbonate
2026-08-01,0.7010600436806782,9.24675,4.119335977380282,28.84180475411429,-27.439684666752935,LithiumCarbonate
2026-09-01,0.6994042439285653,9.274976,4.129632809342368,29.5926115536298,-28.19380306577267,LithiumCarbonate
2026-10-01,0.6979595902494045,9.30023,4.138867812331405,30.32816225680514,-28.93224307630633,LithiumCarbonate
2026-11-01,0.69669915748871,9.3228245,4.147149285752992,31.04911107998257,-29.655712765005152,LithiumCarbonate
2026-12-01,0.6955994539631186,9.343049,4.154579244445132,31.756084368820666,-30.364885460894428,LithiumCarbonate
2027-01-01,0.6946399836272859,9.36116,4.1612481491882125,32.4496803650188,-31.060400397764226,LithiumCarbonate
2027-02-01,0.6938028640728604,9.37737,4.1672296707142245,33.13046937035703,-31.742863642211308,LithiumCarbonate
2027-03-01,0.6930724932398808,9.391886,4.172597894289876,33.79899420936596,-32.412849222886194,LithiumCarbonate
2027-04-01,0.69243525862883,9.404884,4.177414985896292,34.45577091236869,-33.07090039511104,LithiumCarbonate
2024-05-01,22.797792398677373,26.918055,24.445897843686403,24.500436537525008,21.095148259829738,LithiumHydroxide
2024-06-01,22.364138941542926,27.098814,24.258009541378392,26.068933961379297,18.659343921706554,LithiumHydroxide
2024-07-01,21.982073893422317,27.323654,24.118705815240403,27.958208711595223,16.00593907524941,LithiumHydroxide
2024-08-01,21.645460178960114,27.595053,24.025297195022553,30.058547354712267,13.23237300320796,LithiumHydroxide
2024-09-01,21.348890803348784,27.91001,23.97333880787597,32.29807198279281,10.399709623904757,LithiumHydroxide
2024-10-01,21.08760200027368,28.265978,23.958952916167625,34.62686476851175,7.548339232035611,LithiumHydroxide
2024-11-01,20.85739671197751,28.66124,23.97893368606102,37.00899377942731,4.7057996445277155,LithiumHydroxide
2024-12-01,20.654577172311704,28.8347,23.92662653715167,39.41804278955451,1.8911115550688962,LithiumHydroxide
2025-01-01,20.47588550986246,29.00131,23.88605525458691,41.83436301668587,-0.8825919969609508,LithiumHydroxide
2025-02-01,20.318451417065052,29.157707,23.85415392671608,44.24326716053555,-3.6063643264054512,LithiumHydroxide
2025-03-01,20.1797460447202,29.300133,23.827901299622646,46.63378384688481,-6.274291757444406,LithiumHydroxide
2025-04-01,20.05754138132444,29.425898,23.804883868101307,48.99776726207237,-8.88268449942349,LithiumHydroxide
2025-05-01,19.94987446472844,29.531557,23.782547702823877,51.32924327914256,-11.42949434968568,LithiumHydroxide
2025-06-01,19.85501585125843,29.613651,23.75847040247869,53.62391924565544,-13.913887543138586,LithiumHydroxide
2025-07-01,19.77144183582325,29.686447,23.737444531120417,55.87881055557848,-16.33592688393198,LithiumHydroxide
2025-08-01,19.697809976781077,29.75009,23.71872184422294,58.09195262484303,-18.696332671280874,LithiumHydroxide
2025-09-01,19.63293753242412,29.80498,23.70175482139539,60.26217657205949,-20.996301507211253,LithiumHydroxide
2025-10-01,19.575782462708492,29.851814,23.686195757837496,62.38893319068046,-23.237368265263473,LithiumHydroxide
2025-11-01,19.525426691061853,29.891659,23.671920100025297,64.47215401385449,-25.421300631730794,LithiumHydroxide
2025-12-01,19.481061357404755,29.925482,23.658829723683574,66.5121411801903,-27.550018465380795,LithiumHydroxide
2026-01-01,19.441973825506373,29.954712,23.647069251663687,68.50947986237558,-29.625532211362838,LithiumHydroxide
2026-02-01,19.40753623597497,29.97984,23.63645747156545,70.46496850196029,-31.649896030010343,LithiumHydroxide
2026-03-01,19.377195421010835,30.00137,23.626865615338435,72.37956318149618,-33.62517233947452,LithiumHydroxide
2026-04-01,19.350464018923347,30.019787,23.618192954505865,74.25433327666899,-35.55340523882229,LithiumHydroxide
2026-05-01,19.326912645685425,30.035555,23.61036973249182,76.0904261445359,-37.43660085316505,LithiumHydroxide
2026-06-01,19.306162997777825,30.049065,23.60332346242402,77.88903907326095,-39.276713077705296,LithiumHydroxide
2026-07-01,19.287881775534867,30.060667,23.596996261976194,79.65139708139715,-41.07563353032741,LithiumHydroxide
2026-08-01,19.27177532938288,30.070612,23.59131016985873,81.37873543752613,-42.83518477876038,LithiumHydroxide
2026-09-01,19.2575849429744,30.079138,23.586206277369115,83.0722859932497,-44.5571161073009,LithiumHydroxide
2026-10-01,19.245082677451528,30.086445,23.58162792983517,84.73326659829647,-46.243101243393404,LithiumHydroxide
2026-11-01,19.23406771008524,30.092707,23.577523298170284,86.36287300638242,-47.89473758621193,LithiumHydroxide
2026-12-01,19.224363108478567,30.098072,23.573847258092513,87.962272792352,-49.513546575394855,LithiumHydroxide
2027-01-01,19.21581298851793,30.10268,23.570559684895425,89.53260089103354,-51.10097491399769,LithiumHydroxide
2027-02-01,19.20828001042112,30.106627,23.567619182705307,91.07495644077197,-52.65839641992973,LithiumHydroxide
2027-03-01,19.201643172661157,30.110008,23.564989390229997,92.59040067331296,-54.187114327990635,LithiumHydroxide
2027-04-01,19.195795868329988,30.11291,23.56264162927436,94.07995563938454,-55.688363902724554,LithiumHydroxide
2024-05-01,11.312574775135916,14.731082,12.679977554748298,11.753425680055345,10.871723870216487,Lithium (Carbonate)
2024-06-01,10.404265953022115,14.418455,12.009941716741247,11.378456600719245,9.430075305324985,Lithium (Carbonate)
2024-07-01,9.55146111071953,14.2195425,11.418693763141922,11.152442112392205,7.950480109046854,Lithium (Carbonate)
2024-08-01,8.750768569429185,14.123749,10.899960558008829,11.048139362292325,6.453397776566046,Lithium (Carbonate)
2024-09-01,7.999003905491552,14.124475,10.449192153475595,11.046149431605233,4.951858379377871,Lithium (Carbonate)
2024-10-01,7.293177285657548,14.226444,10.06648435525073,11.131669185588034,3.454685385727063,Lithium (Carbonate)
2024-11-01,6.630481576262479,14.429433,9.750062284075359,11.292867287118966,1.9680958654059921,Lithium (Carbonate)
2024-12-01,6.008281179012065,14.398025,9.364178817117931,11.519991732011867,0.49657062601226354,Lithium (Carbonate)
2025-01-01,5.42410154897951,14.400431,9.014633296483654,11.8048303156333,-0.9566272176742796,Lithium (Carbonate)
2025-02-01,4.875619353125776,14.425893,8.695728743833474,12.140359471104013,-2.3891207648524615,Lithium (Carbonate)
2025-03-01,4.3606532302026455,14.463539,8.40180758753565,12.520502287668428,-3.799195827263137,Lithium (Carbonate)
2025-04-01,3.877155115289905,14.50333,8.127625066091667,12.939954099305726,-5.185643868725918,Lithium (Carbonate)
2025-05-01,3.4232020944635835,14.53521,7.8680053097177005,13.394052163372155,-6.547647974444988,Lithium (Carbonate)
2025-06-01,2.996988757200555,14.549287,7.617908277361105,13.87867538519998,-7.88469787079887,Lithium (Carbonate)
2025-07-01,2.596820016104351,14.568581,7.385524165271741,14.390165273483975,-9.196525241275273,Lithium (Carbonate)
2025-08-01,2.2211043653956137,14.589459,7.168446577672427,14.92526236422611,-10.483053633434881,Lithium (Carbonate)
2025-09-01,1.8683475513556265,14.609437,6.964783326345603,15.481054213953108,-11.744359111241856,Lithium (Carbonate)
2025-10-01,1.5371466295497134,14.627199,6.773167646919281,16.054932243498293,-12.980638984398867,Lithium (Carbonate)
2025-11-01,1.2261843851955843,14.642448,6.592690001234538,16.644555486679916,-14.192186716288749,Lithium (Carbonate)
2025-12-01,0.9342240944859384,14.655867,6.422881105861485,17.24781981910139,-15.379371630129516,Lithium (Carbonate)
2026-01-01,0.6601046060306541,14.669095,6.263700874732894,17.862831602279034,-16.542622390217726,Lithium (Carbonate)
2026-02-01,0.40273572285703524,14.681514,6.1142472343428835,18.487884932743707,-17.68241348702964,Lithium (Carbonate)
2026-03-01,0.16109386660192587,14.692866,5.973803040847386,19.12144186927321,-18.799254136069354,Lithium (Carbonate)
2026-04-01,-0.06578199334818707,14.703103,5.841772125554808,19.76211514619812,-19.89367913289449,Lithium (Carbonate)
2026-05-01,-0.27879416195924867,14.712448,5.717702750871326,20.40865298137022,-20.966241305288715,Lithium (Carbonate)
2026-06-01,-0.4787898070947184,14.721076,5.601156711141118,21.059925663677053,-22.017505277866487,Lithium (Carbonate)
2026-07-01,-0.6665643287756158,14.729098,5.491700635370129,21.71491366362212,-23.048042321173355,Lithium (Carbonate)
2026-08-01,-0.8428645225553676,14.736477,5.3888721411115545,22.372697056128874,-24.058426101239608,Lithium (Carbonate)
2026-09-01,-1.0083915495904738,14.743204,5.2922467169742315,23.03244608066454,-25.049229179845486,Lithium (Carbonate)
2026-10-01,-1.1638037252192202,14.749306,5.2014403410098256,23.693412692385635,-26.021020142824078,Lithium (Carbonate)
2026-11-01,-1.3097191371388563,14.754911,5.116133182175915,24.354922981003394,-26.974361255281107,Lithium (Carbonate)
2026-12-01,-1.446718103593959,14.76006,5.035993261989132,25.016370352726508,-27.909806559914426,Lithium (Carbonate)
2027-01-01,-1.5753454813524048,14.764711,4.960677453925373,25.677209385907933,-28.82790034861274,Lithium (Carbonate)
2027-02-01,-1.696112832647979,14.768956,4.8899150602683905,26.33695028361823,-29.72917594891419,Lithium (Carbonate)
2027-03-01,-1.8095004597077322,14.77283,4.823431727959541,26.995153856834786,-30.61415477625025,Lithium (Carbonate)
2027-04-01,-1.9159593149555811,14.776363,4.760969760147745,27.651426980694765,-31.48334561060593,Lithium (Carbonate)
2024-05-01,1.204322986452589,1.4805671,1.3148206547789631,1.2711996427899637,1.1374463301152145,RareEarthMetal-Compounds
2024-06-01,1.1381124664982882,1.4604625,1.2670524841332869,1.2836046219349018,0.9926203110616747,RareEarthMetal-Compounds
2024-07-01,1.080184269452399,1.4481244,1.227360360922996,1.3145584351677213,0.8458101037370768,RareEarthMetal-Compounds
2024-08-01,1.029502353416949,1.4432236,1.194990874139708,1.3589051959769103,0.7000995108569877,RareEarthMetal-Compounds
2024-09-01,0.9851602757412083,1.4449757,1.1690864589475325,1.4131197444840835,0.5572008069983332,RareEarthMetal-Compounds
2024-10-01,0.9463649813560058,1.4530029,1.1490201845304613,1.474648804551185,0.4180811581608266,RareEarthMetal-Compounds
2024-11-01,0.912422619037292,1.4695954,1.1352917443349728,1.5415765128642136,0.2832687252103705,RareEarthMetal-Compounds
2024-12-01,0.8827261319237862,1.4698905,1.1175918692635247,1.6124335391832627,0.15301872466430988,RareEarthMetal-Compounds
2025-01-01,0.856744400345946,1.4720145,1.1028524945280938,1.6860773195053438,0.027411481186548237,RareEarthMetal-Compounds
2025-02-01,0.8340127427864924,1.4752992,1.0905273651772056,1.7616116521121667,-0.09358616653918206,RareEarthMetal-Compounds
2025-03-01,0.8141246050828076,1.4792084,1.0801580912013873,1.838330026809769,-0.210080816644154,RareEarthMetal-Compounds
2025-04-01,0.7967242892331509,1.483145,1.0712925968019145,1.9156742276792862,-0.32222564921298436,RareEarthMetal-Compounds
2025-05-01,0.7815005917618829,1.4866923,1.063577266888032,1.9932032718423205,-0.43020208831855467,RareEarthMetal-Compounds
2025-06-01,0.7681812378662889,1.4890287,1.0565202553807536,2.0705696227457615,-0.5342071470131835,RareEarthMetal-Compounds
2025-07-01,0.7565280118000921,1.4914905,1.050512988472725,2.1475006841971913,-0.6344446605970071,RareEarthMetal-Compounds
2025-08-01,0.7463324964008947,1.4939203,1.0453676521755588,2.223784223502802,-0.7311192307010125,RareEarthMetal-Compounds
2025-09-01,0.7374123455632824,1.4962184,1.0409347845047174,2.2992567765255876,-0.824432085399023,RareEarthMetal-Compounds
2025-10-01,0.7296080229910248,1.4983226,1.0370938681502362,2.3737943524482192,-0.9145783064661698,RareEarthMetal-Compounds
2025-11-01,0.7227799489011754,1.5002233,1.0337572809404367,2.44730493551339,-1.0017450377110393,RareEarthMetal-Compounds
2025-12-01,0.7168060036490653,1.5019373,1.030858546018022,2.519722406135476,-1.0861103988373455,RareEarthMetal-Compounds
2026-01-01,0.7115793436266937,1.5035578,1.0283707505165314,2.5910015931729657,-1.1678429059195783,RareEarthMetal-Compounds
2026-02-01,0.7070064903720026,1.5050677,1.0262310124292258,2.6611142343895695,-1.2471012536455646,RareEarthMetal-Compounds
2026-03-01,0.7030056587128868,1.506463,1.024388651327433,2.7300456706187415,-1.3240343531929677,RareEarthMetal-Compounds
2026-04-01,0.6995052940449057,1.5077479,1.0228023437738978,2.797792135755665,-1.398781547665854,RareEarthMetal-Compounds
2026-05-01,0.6964427925820078,1.5089325,1.0214386998221234,2.864358532721736,-1.4714729475577202,RareEarthMetal-Compounds
2026-06-01,0.6937633816920387,1.5100276,1.0202690878225962,2.9297566072488186,-1.5422298438647415,RareEarthMetal-Compounds
2026-07-01,0.6914191402919082,1.5110437,1.0192689870552414,2.9940034483123763,-1.61116516772856,RareEarthMetal-Compounds
2026-08-01,0.6893681417822511,1.5119839,1.018414433653335,3.057120257449702,-1.6783839738851993,RareEarthMetal-Compounds
2026-09-01,0.6875737041930245,1.5128531,1.0176855045974187,3.1191313398673497,-1.7439839314813004,RareEarthMetal-Compounds
2026-10-01,0.6860037341289469,1.5136564,1.0170647915943114,3.1800632787880416,-1.8080558105301479,RareEarthMetal-Compounds
2026-11-01,0.6846301527812877,1.5143999,1.0165380699631452,3.2399442613749017,-1.870683955812326,RareEarthMetal-Compounds
2026-12-01,0.6834283937402671,1.5150875,1.0160920303695264,3.2988035301510226,-1.9319467426704882,RareEarthMetal-Compounds
2027-01-01,0.6823769636264729,1.5157241,1.0157158033437304,3.3566709383742803,-1.9919170111213345,RareEarthMetal-Compounds
2027-02-01,0.6814570576832196,1.5163128,1.0153993577292861,3.413576591539319,-2.0506624761728798,RareEarthMetal-Compounds
2027-03-01,0.680652223454743,1.5168576,1.0151343717734989,3.469550560223477,-2.108246113313991,RareEarthMetal-Compounds
2027-04-01,0.6799480665351378,1.5173616,1.014913520135011,3.5246226519990276,-2.164726518928752,RareEarthMetal-Compounds
2024-05-01,2.321762342897322,2.1102087,2.2371408937259116,2.3367762966091843,2.30674838918546,RareEarthMetal-FerroAlloys
2024-06-01,2.3332078775916316,2.082906,2.2330871535035266,2.3666052461433194,2.299810509039944,RareEarthMetal-FerroAlloys
2024-07-01,2.3443451370289896,2.058537,2.2300218847686635,2.3997850128806264,2.288905261177353,RareEarthMetal-FerroAlloys
2024-08-01,2.3551824243281745,2.02821,2.2243934602388418,2.435621297300337,2.274743551356012,RareEarthMetal-FerroAlloys
2024-09-01,2.3657278189708744,1.9909025,2.2157977205306265,2.473640275203864,2.2578153627378845,RareEarthMetal-FerroAlloys
2024-10-01,2.3759891828251525,1.9463248,2.2041234517307666,2.5134942068690043,2.2384841587813007,RareEarthMetal-FerroAlloys
2024-11-01,2.385974166006676,1.8954042,2.1897462232177443,2.5549139141553914,2.2170344178579606,RareEarthMetal-FerroAlloys
2024-12-01,2.3956902125820774,1.8651081,2.1834573924151215,2.597683094886294,2.193697330277861,RareEarthMetal-FerroAlloys
2025-01-01,2.4051445661187016,1.8349963,2.17708527673482,2.641623153143267,2.1686659790941363,RareEarthMetal-FerroAlloys
2025-02-01,2.414344275084875,1.8050032,2.1706078196094882,2.6865835861552845,2.142104964014466,RareEarthMetal-FerroAlloys
2025-03-01,2.423296198104724,1.775443,2.1641549020140793,2.732435547363766,2.1141568488456817,RareEarthMetal-FerroAlloys
2025-04-01,2.4320070090714565,1.7472092,2.1580879177345915,2.7790673431629673,2.0849466749799457,RareEarthMetal-FerroAlloys
2025-05-01,2.4404832021229286,1.7214144,2.1528557119269855,2.826381168384777,2.0545852358610803,RareEarthMetal-FerroAlloys
2025-06-01,2.4487310964831903,1.6990199,2.1488466452937836,2.8742906692132024,2.023171523753178,RareEarthMetal-FerroAlloys
2025-07-01,2.456756841173635,1.6780213,2.1452626651709474,2.922719078388454,1.9907946039588165,RareEarthMetal-FerroAlloys
2025-08-01,2.464566419597256,1.6584831,2.1421331108068156,2.971597758077113,1.957535081117399,RareEarthMetal-FerroAlloys
2025-09-01,2.472165653999429,1.640387,2.139454203781951,3.0208650405684776,1.92346626743038,RareEarthMetal-FerroAlloys
2025-10-01,2.479560209808549,1.6237925,2.1372531256066565,3.0704652913648727,1.8886551282522253,RareEarthMetal-FerroAlloys
2025-11-01,2.4867555998597575,1.6087407,2.135549634863975,3.1203481415470367,1.8531630581724783,RareEarthMetal-FerroAlloys
2025-12-01,2.493757188504903,1.5950992,2.1342940212404535,3.170467851175788,1.8170465258340176,RareEarthMetal-FerroAlloys
2026-01-01,2.5005701956118065,1.5826266,2.1333927379229616,3.2207827756614362,1.7803576155621768,RareEarthMetal-FerroAlloys
2026-02-01,2.5071997004558115,1.57126,2.132823798525898,3.2712549141368674,1.7431444867747556,RareEarthMetal-FerroAlloys
2026-03-01,2.5136506455065146,1.5609362,2.132564896161636,3.3218495239307737,1.7054517670822555,RareEarthMetal-FerroAlloys
2026-04-01,2.519927840112507,1.5515844,2.1325904850237727,3.3725347889058264,1.667320891319188,RareEarthMetal-FerroAlloys
2026-05-01,2.526035964086871,1.5431273,2.1328724977941635,3.423281532128136,1.628790396045606,RareEarthMetal-FerroAlloys
2026-06-01,2.531979571196101,1.5354456,2.133365983016885,3.474062965352703,1.5898961770394986,RareEarthMetal-FerroAlloys
2026-07-01,2.537763092555058,1.5284891,2.134053512595565,3.5248544693374195,1.5506717157726961,RareEarthMetal-FerroAlloys
2026-08-01,2.54339083993048,1.5221802,2.1349066195703177,3.5756334001686962,1.5111482796922635,RareEarthMetal-FerroAlloys
2026-09-01,2.548867008955519,1.5164428,2.13589730374291,3.6263789176885295,1.4713551002225083,RareEarthMetal-FerroAlloys
2026-10-01,2.554195682257694,1.5112555,2.1370196104349386,3.6770718328223753,1.4313195316930125,RareEarthMetal-FerroAlloys
2026-11-01,2.559380832502597,1.5065663,2.138255002015444,3.72769447116778,1.3910671938374142,RareEarthMetal-FerroAlloys
2026-12-01,2.5644263253556203,1.5023255,2.1395860091415946,3.7782305506504335,1.3506221000608072,RareEarthMetal-FerroAlloys
2027-01-01,2.56933592236391,1.4984924,2.1409984974643663,3.8286650714132486,1.3100067733145713,RareEarthMetal-FerroAlloys
2027-02-01,2.574113283760698,1.4950199,2.1424759472652384,3.878984216394669,1.2692423511267275,RareEarthMetal-FerroAlloys
2027-03-01,2.5787619711941043,1.4918785,2.1440085746041273,3.9291752612893625,1.2283486810988462,RareEarthMetal-FerroAlloys
2027-04-01,2.5832854503824354,1.4890414,2.1455878492852474,3.9792264927789534,1.1873444079859174,RareEarthMetal-FerroAlloys
2024-05-01,17.103007161861708,17.115824,17.108133986142903,17.895714567969875,16.31029975575354,Titanium-Ores
2024-06-01,17.09722618375818,17.112165,17.10320198604226,18.802075151513257,15.392377216003103,Titanium-Ores
2024-07-01,17.092447050139967,17.109097,17.099107127026116,19.798742390528624,14.38615170975131,Titanium-Ores
2024-08-01,17.08849614118793,17.106577,17.095728547902453,20.83552736227113,13.341464920104734,Titanium-Ores
2024-09-01,17.08522992542703,17.104609,17.092981560297723,21.883044191870777,12.287415658983281,Titanium-Ores
2024-10-01,17.08252974541117,17.103212,17.09080307597595,22.92340634296158,11.241653147860756,Titanium-Ores
2024-11-01,17.080297507049778,17.102335,17.089112780810677,23.945633525657335,10.21496148844222,Titanium-Ores
2024-12-01,17.07845211597482,17.100971,17.08746004445672,24.943112807845623,9.213791424104016,Titanium-Ores
2025-01-01,17.076926531485974,17.099838,17.086091221625956,25.912076647700196,8.241776415271751,Titanium-Ores
2025-02-01,17.075665331047656,17.098896,17.084957800007988,26.850640128133932,7.300690533961381,Titanium-Ores
2025-03-01,17.074622696859095,17.098103,17.084014645947487,27.758169627503616,6.391075766214573,Titanium-Ores
2025-04-01,17.073760751352154,17.097422,17.08322520462599,28.63485873411064,5.5126627685936676,Titanium-Ores
2025-05-01,17.07304818114768,17.096815,17.082554952389778,29.481438863347513,4.664657498947845,Titanium-Ores
2025-06-01,17.072459099480433,17.096249,17.081975005739285,30.298979937597487,3.8459382613633775,Titanium-Ores
2025-07-01,17.07197210576598,17.095762,17.081488259950063,31.08875254145832,3.05519167007364,Titanium-Ores
2025-08-01,17.071569508144794,17.09534,17.08107790102335,31.852132674382915,2.2910063419066713,Titanium-Ores
2025-09-01,17.071236680759608,17.09497,17.080730385073196,32.590536335164316,1.5519370263548957,Titanium-Ores
2025-10-01,17.070961532416693,17.094648,17.080436550034733,33.30537514572663,0.83654791910676,Titanium-Ores
2025-11-01,17.070734067328246,17.094362,17.080185630063696,33.99802687147643,0.14344126318005834,Titanium-Ores
2025-12-01,17.07054602197819,17.094109,17.079971236538963,34.66981649972529,-0.5287244557689164,Titanium-Ores
2026-01-01,17.070390564919173,17.093887,17.07978927059213,35.32200478689688,-1.1812236570585384,Titanium-Ores
2026-02-01,17.070262048594834,17.093695,17.079635390015056,35.95578206183873,-1.81525796464906,Titanium-Ores
2026-03-01,17.07015580417129,17.093523,17.079502978810147,36.57226569436758,-2.4319540860250015,Titanium-Ores
2026-04-01,17.070067971924356,17.093374,17.079390674817212,37.172500083052725,-3.0323641392040095,Titanium-Ores
2026-05-01,17.069995361020705,17.093243,17.079294179350462,37.75745833667588,-3.617467614634471,Titanium-Ores
2026-06-01,17.069935333598966,17.093126,17.079211909693072,38.32804505579506,-4.18817438859713,Titanium-Ores
2026-07-01,17.06988570893959,17.093025,17.079141603738996,38.88509978941586,-4.745328371536676,Titanium-Ores
2026-08-01,17.069844684242096,17.092937,17.079081702970797,39.42940086456178,-5.289711496077587,Titanium-Ores
2026-09-01,17.06981076913163,17.092857,17.079029405814914,39.961669376067576,-5.822047837804316,Titanium-Ores
2026-10-01,17.06978273151556,17.092789,17.078985403527255,40.482573189187804,-6.3430077261566815,Titanium-Ores
2026-11-01,17.069759552823104,17.092728,17.078946700779554,40.9927308551132,-6.853211749466993,Titanium-Ores
2026-12-01,17.069740391001982,17.092674,17.07891422285192,41.492715373944534,-7.3532345919405735,Titanium-Ores
2027-01-01,17.06972454992771,17.092628,17.078886121558188,41.983057764537065,-7.84360866468165,Titanium-Ores
2027-02-01,17.069711454114294,17.092587,17.078861574769604,42.46425041843459,-8.324827510205996,Titanium-Ores
2027-03-01,17.069700627807563,17.09255,17.078840773870816,42.936750227723145,-8.797348972108018,Titanium-Ores
2027-04-01,17.069691677701623,17.09252,17.07882300604114,43.40098148543054,-9.261598130027295,Titanium-Ores
2024-05-01,58.36149391526217,56.746925,57.71566687222859,59.13579953797072,57.58718829255363,Titanium-TitaniumDioxide
2024-06-01,58.44269726549474,56.620354,57.713760220258756,60.129223312592075,56.75617121839741,Titanium-TitaniumDioxide
2024-07-01,58.514767458032665,56.448677,57.688332062954366,61.2401024982568,55.78943241780853,Titanium-TitaniumDioxide
2024-08-01,58.5787317235165,56.22766,57.63830310576517,62.42287470461344,54.734588742419554,Titanium-TitaniumDioxide
2024-09-01,58.635501757212936,55.957314,57.5642260878971,63.648277898494456,53.622725615931415,Titanium-TitaniumDioxide
2024-10-01,58.68588671358688,55.651352,57.47207394404568,64.89640909982974,52.475364327344025,Titanium-TitaniumDioxide
2024-11-01,58.73060473933933,55.299713,57.358249241919026,66.15325115846164,51.30795832021701,Titanium-TitaniumDioxide
2024-12-01,58.770293209293634,55.10131,57.30270136197755,67.4087412817293,50.131845136857955,Titanium-TitaniumDioxide
2025-01-01,58.80551781102435,54.8922,57.24019125607262,68.65559422534884,48.955441396699875,Titanium-TitaniumDioxide
2025-02-01,58.83678060771357,54.678905,57.17363132239181,69.88853608242827,47.78502513299887,Titanium-TitaniumDioxide
2025-03-01,58.86452719415628,54.468723,57.1062052538717,71.1037806447683,46.625273743544255,Titanium-TitaniumDioxide
2025-04-01,58.8891530479107,54.269238,57.041186836070636,72.29865842403733,45.47964767178408,Titanium-TitaniumDioxide
2025-05-01,58.91100916611776,54.08467,56.98047467081323,73.47134658326549,44.35067174897003,Titanium-TitaniumDioxide
2025-06-01,58.930407068332414,53.92185,56.92698317837738,74.62066819945748,43.24014593720734,Titanium-TitaniumDioxide
2025-07-01,58.94762323667323,53.764328,56.874305524645536,75.74594064835829,42.149305824988176,Titanium-TitaniumDioxide
2025-08-01,58.9629030565764,53.61436,56.82348730208549,76.84685966363823,41.078946449514575,Titanium-TitaniumDioxide
2025-09-01,58.97646431432269,53.473404,56.77524092379869,77.92340982759035,40.02951880105504,Titanium-TitaniumDioxide
2025-10-01,58.98850030118816,53.342037,56.729915061083986,78.97579496665298,39.00120563572333,Titanium-TitaniumDioxide
2025-11-01,58.99918256846277,53.219414,56.68727504400735,80.00438373753359,37.993981399391956,Titanium-TitaniumDioxide
2025-12-01,59.008663372604694,53.105133,56.64725200915852,81.0096669332915,37.0076598119179,Titanium-TitaniumDioxide
2026-01-01,59.017077845381564,52.997482,56.609240390090264,81.99222391276027,36.04193177800286,Titanium-TitaniumDioxide
2026-02-01,59.024545919930176,52.896095,56.57316528083994,82.95269618389469,35.096395655965665,Titanium-TitaniumDioxide
2026-03-01,59.031174040187096,52.80133,56.53923741361421,83.89176662991846,34.170581450455735,Titanium-TitaniumDioxide
2026-04-01,59.03705667805502,52.712822,56.5073627910127,84.81014320731433,33.26397014879572,Titanium-TitaniumDioxide
2026-05-01,59.04227767992943,52.630093,56.47740480070668,85.70854620066025,32.3760091591986,Titanium-TitaniumDioxide
2026-06-01,59.04691146177773,52.552715,56.44923261620238,86.58769831422244,31.50612460933303,Titanium-TitaniumDioxide
2026-07-01,59.05102406980474,52.480297,56.422733277332064,87.4483170301816,30.653731109427884,Titanium-TitaniumDioxide
2026-08-01,59.05467412182218,52.412605,56.39784658735112,88.29110877980256,29.8182394638418,Titanium-TitaniumDioxide
2026-09-01,59.05791364273994,52.34941,56.37451220847111,89.11676456497413,28.99906272050575,Titanium-TitaniumDioxide
2026-10-01,59.060788806087324,52.29041,56.35263768184575,89.92595673934198,28.19562087283267,Titanium-TitaniumDioxide
2026-11-01,59.06334059213347,52.235325,56.33213506206719,90.71933671516983,27.407344469097115,Titanium-TitaniumDioxide
2026-12-01,59.06560537198719,52.183903,56.31292508232317,91.49753340741321,26.633677336561156,Titanium-TitaniumDioxide
2027-01-01,59.06761542600154,52.135906,56.29493174339389,92.26115226278938,25.874078589213703,Titanium-TitaniumDioxide
2027-02-01,59.06939940387204,52.09118,56.27811119994041,93.0107747507949,25.12802405694918,Titanium-TitaniumDioxide
2027-03-01,59.07098273298645,52.049473,56.26237952626648,93.74695821714062,24.395007248832286,Titanium-TitaniumDioxide
2027-04-01,59.072387980846294,52.010586,56.2476682468818,94.470236019087,23.67453994260559,Titanium-TitaniumDioxide
2024-05-01,14.824589039269336,12.721073,13.983182874550371,14.92809216178979,14.721085916748882,Titanium-UnwroughtMetalPowders
2024-06-01,15.219684598518482,12.80767,14.25487861494605,15.450311617108449,14.989057579928515,Titanium-UnwroughtMetalPowders
2024-07-01,15.605509437521297,12.848148,14.502565000891684,15.988913012335638,15.222105862706956,Titanium-UnwroughtMetalPowders
2024-08-01,15.98228108910465,12.819876,14.717318844960593,16.539336231202252,15.425225947007045,Titanium-UnwroughtMetalPowders
2024-09-01,16.350211981796114,12.70481,14.892051150717073,17.09852305506531,15.601900908526918,Titanium-UnwroughtMetalPowders
2024-10-01,16.709509559593815,12.485837,15.020040433479677,17.664270030524637,15.754749088662994,Titanium-UnwroughtMetalPowders
2024-11-01,17.060376398925925,12.18501,15.110229726532069,18.234903498836957,15.885849299014895,Titanium-UnwroughtMetalPowders
2024-12-01,17.403010322865757,12.114257,15.287508841882296,18.80910434381866,15.996916301912856,Titanium-UnwroughtMetalPowders
2025-01-01,17.73760451266688,12.017544,15.449580510792266,19.385804724505128,16.089404300828633,Titanium-UnwroughtMetalPowders
2025-02-01,18.06434761668109,11.898415,15.59797460547008,19.964122790981225,16.164572442380955,Titanium-UnwroughtMetalPowders
2025-03-01,18.383423856720693,11.764525,15.735864384070258,20.543319081611827,16.22352863182956,Titanium-UnwroughtMetalPowders
2025-04-01,18.695013131925055,11.627851,15.868148092167727,21.12276610155562,16.26726016229449,Titanium-UnwroughtMetalPowders
2025-05-01,18.99929112018996,11.506835,16.00230876101168,21.701926333245773,16.296655907134145,Titanium-UnwroughtMetalPowders
2025-06-01,19.29642937721698,11.413381,16.143210066210557,22.280335870642016,16.312522883791946,Titanium-UnwroughtMetalPowders
2025-07-01,19.58659543323872,11.316661,16.278621516992793,22.85759193708223,16.31559892939521,Titanium-UnwroughtMetalPowders
2025-08-01,19.869952887474422,11.220115,16.41001790176566,23.433343165080565,16.30656260986828,Titanium-UnwroughtMetalPowders
2025-09-01,20.14666150036925,11.127111,16.538841664931024,24.007281890469475,16.28604111026903,Titanium-UnwroughtMetalPowders
2025-10-01,20.4168772836692,11.040473,16.666315563927107,24.579137948024087,16.254616619314316,Titanium-UnwroughtMetalPowders
2025-11-01,20.680752588382457,10.96157,16.79307937209075,25.148673607813983,16.212831568950932,Titanium-UnwroughtMetalPowders
2025-12-01,20.938436190676782,10.88885,16.9186019899798,25.71567939288025,16.161192988473314,Titanium-UnwroughtMetalPowders
2026-01-01,21.190073375761365,10.819162,17.041708877599152,26.279970588051075,16.100176163471655,Titanium-UnwroughtMetalPowders
2026-02-01,21.435806019800417,10.753359,17.16282705288977,26.841384298019292,16.03022774158154,Titanium-UnwroughtMetalPowders
2026-03-01,21.67577266990472,10.6919365,17.282238485213096,27.399776947187238,15.951768392622203,Titanium-UnwroughtMetalPowders
2026-04-01,21.9101086222462,10.634963,17.40005057831598,27.955022138685667,15.86519510580673,Titanium-UnwroughtMetalPowders
2026-05-01,22.13894599833958,10.582114,17.51621338223739,28.50700880829583,15.77088318838333,Titanium-UnwroughtMetalPowders
2026-06-01,22.362413819534147,10.532861,17.630592594088654,29.055639622680253,15.669188016388041,Titanium-UnwroughtMetalPowders
2026-07-01,22.58063807975757,10.486821,17.74311122233574,29.60082958167075,15.560446577844388,Titanium-UnwroughtMetalPowders
2026-08-01,22.793741816552842,10.443979,17.853836890621402,30.14250479227887,15.444978840826813,Titanium-UnwroughtMetalPowders
2026-09-01,23.001845180448374,10.404201,17.96278732982664,30.680601388220314,15.323088972676434,Titanium-UnwroughtMetalPowders
2026-10-01,23.205065502700354,10.367328,18.06997047303745,31.215064573534484,15.195066431866223,Titanium-UnwroughtMetalPowders
2026-11-01,23.403517361445562,10.333134,18.175363991238676,31.745847772660134,15.06118695023099,Titanium-UnwroughtMetalPowders
2026-12-01,23.597312646301944,10.30141,18.2789515716984,32.27291187233729,14.921713420266595,Titanium-UnwroughtMetalPowders
2027-01-01,23.786560621453365,10.271994,18.380733923073436,32.796224543120715,14.776896699786013,Titanium-UnwroughtMetalPowders
2027-02-01,23.971367987254105,10.24476,18.48072452083757,33.3157596302434,14.626976344264811,Titanium-UnwroughtMetalPowders
2027-03-01,24.151838940387854,10.219559,18.578926755193407,33.83149660515939,14.472181275616325,Titanium-UnwroughtMetalPowders
2027-04-01,24.328075232615085,10.196251,18.675345410412554,34.34342007039951,14.31273039483066,Titanium-UnwroughtMetalPowders
