date,mineral,export_value,import_value,trade_balance,dependency_ratio,mom_growth,yoy_growth,ma_3m,ma_12m,year,month,quarter,day_of_year,month_sin,month_cos,lag_1m,lag_3m,lag_6m,lag_12m
2017-04-30,Copper,9178.092883134392,9916.581492561801,-738.4886094274098,51.93375544116993,,,,,2017,4,2,120,0.8660254037844387,-0.4999999999999998,,,,
2017-04-30,Graphite,13439.446361601222,6740.777655664253,6698.668705936969,33.402888143843626,,,,,2017,4,2,120,0.8660254037844387,-0.4999999999999998,,,,
2017-04-30,Lithium,13372.668840869344,11045.563804625675,2327.105036243669,45.23490280801915,,,,,2017,4,2,120,0.8660254037844387,-0.4999999999999998,,,,
2017-05-31,Copper,13310.365496940667,8897.738468198295,4412.627028742372,40.06527744180893,-10.274135548905816,,,,2017,5,2,151,0.49999999999999994,-0.8660254037844387,9916.581492561801,,,
2017-05-31,Graphite,17890.511292063697,9773.41037316039,8117.100918903307,35.32908490500247,44.989359869299726,,,,2017,5,2,151,0.49999999999999994,-0.8660254037844387,6740.777655664253,,,
2017-05-31,Lithium,11277.542310115661,15796.833197455648,-4519.2908873399865,58.346066719204984,43.015182175130164,,,,2017,5,2,151,0.49999999999999994,-0.8660254037844387,11045.563804625675,,,
2017-06-30,Copper,12076.77086273644,11173.893876744603,902.8769859918375,48.05838457500379,25.581280194755006,,9996.071279168233,,2017,6,2,181,1.2246467991473532e-16,-1.0,8897.738468198295,,,
2017-06-30,Graphite,17466.23989321205,7620.473318299174,9845.766574912876,30.376531409473216,-22.028513821271467,,8044.887115707938,,2017,6,2,181,1.2246467991473532e-16,-1.0,9773.41037316039,,,
2017-06-30,Lithium,14948.063087477103,12287.338964165066,2660.7241233120367,45.11532064357463,-22.216441671713326,,13043.245322082128,,2017,6,2,181,1.2246467991473532e-16,-1.0,15796.833197455648,,,
2017-07-31,Copper,14933.404323851108,14565.814440445876,367.5898834052314,49.376949799344985,30.35576139451821,,11545.815595129592,,2017,7,3,212,-0.4999999999999997,-0.8660254037844388,11173.893876744603,9916.581492561801,,
2017-07-31,Graphite,12716.693888138972,14619.58097492463,-1902.8870867856567,53.480516449878124,91.84610147270482,,10671.15488879473,,2017,7,3,212,-0.4999999999999997,-0.8660254037844388,7620.473318299174,6740.777655664253,,
2017-07-31,Lithium,14650.743650373704,7931.450478441637,6719.293171932068,35.12258566726669,-35.45021829728139,,12005.20754668745,,2017,7,3,212,-0.4999999999999997,-0.8660254037844388,12287.338964165066,11045.563804625675,,
2017-08-31,Copper,14324.341847161137,16486.660210893107,-2162.3183637319707,53.5090036339255,13.187355765795616,,14075.456176027861,,2017,8,3,243,-0.8660254037844385,-0.5000000000000004,14565.814440445876,8897.738468198295,,
2017-08-31,Graphite,12127.922225624197,13220.4377580007,-1092.515532376503,52.15500240071206,-9.57033733951559,,11820.164017074834,,2017,8,3,243,-0.8660254037844385,-0.5000000000000004,14619.58097492463,9773.41037316039,,
2017-08-31,Lithium,18571.385852805764,13675.958909785495,4895.426943020269,42.40956584323302,72.42695957010542,,11298.249450797399,,2017,8,3,243,-0.8660254037844385,-0.5000000000000004,7931.450478441637,15796.833197455648,,
2017-09-30,Lithium,9055.415789765402,15877.392841428558,-6821.977051663156,63.680723163952,16.09710840874112,,12494.934076551895,,2017,9,3,273,-1.0,-1.8369701987210297e-16,13675.958909785495,12287.338964165066,,
2017-09-30,Copper,9641.892131421411,13386.484125899246,-3744.5919944778343,58.13038651235222,-18.804148598547,,14812.98625907941,,2017,9,3,273,-1.0,-1.8369701987210297e-16,16486.660210893107,11173.893876744603,,
2017-09-30,Graphite,11275.786928873606,10657.840850099847,617.9460787737589,48.591327241893495,-19.38360101843095,,12832.61986100839,,2017,9,3,273,-1.0,-1.8369701987210297e-16,13220.4377580007,7620.473318299174,,
2017-10-31,Copper,9936.191680344673,14929.859688030094,-4993.668007685421,60.041135871770315,11.5293571307856,,14934.334674940816,,2017,10,4,304,-0.8660254037844386,0.5000000000000001,13386.484125899246,14565.814440445876,9916.581492561801,
2017-10-31,Graphite,14550.687399917078,11392.746537592358,3157.94086232472,43.91379554855513,6.895446252470805,,11757.008381897635,,2017,10,4,304,-0.8660254037844386,0.5000000000000001,10657.840850099847,14619.58097492463,6740.777655664253,
2017-10-31,Lithium,16731.791879636818,12822.657407846196,3909.1344717906213,43.38655504326005,-19.239527950783597,,14125.336386353418,,2017,10,4,304,-0.8660254037844386,0.5000000000000001,15877.392841428558,7931.450478441637,11045.563804625675,
2017-11-30,Copper,8459.176746523444,8990.66816151153,-531.491414988086,51.52291157253597,-39.780625207618435,,12435.670658480289,,2017,11,4,334,-0.5000000000000004,0.8660254037844384,14929.859688030094,16486.660210893107,8897.738468198295,
2017-11-30,Graphite,8467.961520797831,11941.75283666008,-3473.7913158622487,58.51014192315947,4.818910850479985,,11330.780074784096,,2017,11,4,334,-0.5000000000000004,0.8660254037844384,11392.746537592358,13220.4377580007,9773.41037316039,
2017-11-30,Lithium,7263.094306856122,13407.426759617745,-6144.332452761623,64.8625485371225,4.560438083713669,,14035.825669630833,,2017,11,4,334,-0.5000000000000004,0.8660254037844384,12822.657407846196,13675.958909785495,15796.833197455648,
2017-12-31,Copper,13998.457575096945,13554.148208296348,444.30936680059676,49.19370717547813,50.75796331045541,,12491.558685945993,,2017,12,4,365,-2.4492935982947064e-16,1.0,8990.66816151153,13386.484125899246,11173.893876744603,
2017-12-31,Graphite,19505.712258122792,14580.487202645696,4925.225055477096,42.77533850444989,22.09670893442832,,12638.328858966044,,2017,12,4,365,-2.4492935982947064e-16,1.0,11941.75283666008,10657.840850099847,7620.473318299174,
2017-12-31,Lithium,14979.999043386035,17910.423243164023,-2930.424199777988,54.454829090133536,33.585836896823466,,14713.502470209321,,2017,12,4,365,-2.4492935982947064e-16,1.0,13407.426759617745,15877.392841428558,12287.338964165066,
2018-01-31,Lithium,12319.220195758371,12688.463556221748,-369.24336046337703,50.738259816713615,-29.155981497731332,,14668.771186334503,,2018,1,1,31,0.49999999999999994,0.8660254037844387,17910.423243164023,12822.657407846196,7931.450478441637,
2018-01-31,Copper,14405.594490678512,12429.968094985168,1975.6263956933435,46.31901438736973,-8.293993071605055,,11658.261488264348,,2018,1,1,31,0.49999999999999994,0.8660254037844387,13554.148208296348,14929.859688030094,14565.814440445876,
2018-01-31,Graphite,10678.977878992897,9266.412970910036,1412.5649080828607,46.45891895848776,-36.4464791736959,,11929.551003405271,,2018,1,1,31,0.49999999999999994,0.8660254037844387,14580.487202645696,11392.746537592358,14619.58097492463,
2018-02-28,Lithium,10956.891730047555,8695.082482238826,2261.809247808729,44.2453383477507,-31.472534529405493,,13097.989760541532,,2018,2,1,59,0.8660254037844386,0.5000000000000001,12688.463556221748,13407.426759617745,13675.958909785495,
2018-02-28,Copper,12299.544926124876,6264.0287977797925,6035.516128345083,33.74365782658262,-49.60543140648128,,10749.38170035377,,2018,2,1,59,0.8660254037844386,0.5000000000000001,12429.968094985168,8990.66816151153,16486.660210893107,
2018-02-28,Graphite,10472.059087394708,8996.820640899055,1475.2384464956522,46.211290872705646,-2.9093493982764396,,10947.906938151596,,2018,2,1,59,0.8660254037844386,0.5000000000000001,9266.412970910036,11941.75283666008,13220.4377580007,
2018-03-31,Copper,9053.016166608451,7831.27597452366,1221.7401920847915,46.38202128382839,25.019795204315763,,8841.75762242954,11535.593461655793,2018,3,1,90,1.0,6.123233995736766e-17,6264.0287977797925,13554.148208296348,13386.484125899246,
2018-03-31,Graphite,12924.38583665496,7896.859586688129,5027.526249966831,37.92693196841535,-12.22610851227337,,8720.03106616574,10558.966725462029,2018,3,1,90,1.0,6.123233995736766e-17,8996.820640899055,14580.487202645696,10657.840850099847,
2018-03-31,Lithium,7306.686570877566,16466.362223630964,-9159.675652753398,69.26483164176494,89.37557242575087,,12616.636087363846,13217.0794890518,2018,3,1,90,1.0,6.123233995736766e-17,8695.082482238826,17910.423243164023,15877.392841428558,
2018-04-30,Copper,10397.380241843392,9911.476716804631,485.90352503876056,48.80371523117196,26.56273063352872,-0.051477172461089626,8002.260496369362,11535.168063676028,2018,4,2,120,0.8660254037844387,-0.4999999999999998,7831.27597452366,12429.968094985168,14929.859688030094,9916.581492561801
2018-04-30,Graphite,10225.048114542751,8037.360754824012,2187.6873597187396,44.01040855188509,1.7792030691887728,19.234918660612465,8310.346994137066,10667.015317058676,2018,4,2,120,0.8660254037844387,-0.4999999999999998,7896.859586688129,9266.412970910036,11392.746537592358,6740.777655664253
2018-04-30,Lithium,12249.433176570938,13891.039447319125,-1641.606270748187,53.13997052457251,-15.639901159322122,25.761253051671453,13017.494717729636,13454.202459276252,2018,4,2,120,0.8660254037844387,-0.4999999999999998,16466.362223630964,12688.463556221748,12822.657407846196,11045.563804625675
2018-05-31,Copper,11799.984923691267,11146.439811070086,653.545112621181,48.57593259042414,12.459930336834768,25.27272914245513,9629.730834132793,11722.559842248678,2018,5,2,151,0.49999999999999994,-0.8660254037844387,9911.476716804631,6264.0287977797925,8990.66816151153,8897.738468198295
2018-05-31,Graphite,12060.392950286485,14012.217781943662,-1951.8248316571771,53.74305598258404,74.33854482061852,43.37081169152406,9982.146041151935,11020.249267790614,2018,5,2,151,0.49999999999999994,-0.8660254037844387,8037.360754824012,8996.820640899055,11941.75283666008,9773.41037316039
2018-05-31,Lithium,13364.642852293982,15655.033854583151,-2290.3910022891687,53.94627242995163,12.69879344849507,-0.8976441106900879,15337.47850851108,13442.385847370211,2018,5,2,151,0.49999999999999994,-0.8660254037844387,13891.039447319125,8695.082482238826,13407.426759617745,15796.833197455648
2018-06-30,Lithium,9250.240838996973,13816.763387826519,-4566.5225488295455,59.898386682392335,-11.742360213538994,12.447157420511324,14454.278896576265,13569.837882675332,2018,6,2,181,1.2246467991473532e-16,-1.0,15655.033854583151,16466.362223630964,17910.423243164023,12287.338964165066
2018-06-30,Copper,5809.211309175985,5043.955365143314,765.2559440326704,46.47450386142409,-54.748283302674714,-54.85946599474223,8700.623964339344,11211.731632948571,2018,6,2,181,1.2246467991473532e-16,-1.0,11146.439811070086,7831.27597452366,13554.148208296348,11173.893876744603
2018-06-30,Graphite,12880.935775148728,9334.155709601539,3546.780065547189,42.017183300861255,-33.38559352374853,22.48787338690983,10461.244748789737,11163.056133732478,2018,6,2,181,1.2246467991473532e-16,-1.0,14012.217781943662,7896.859586688129,14580.487202645696,7620.473318299174
2018-07-31,Lithium,7514.73857030521,15642.907503714421,-8128.168933409212,67.54964409471681,13.21687333443704,97.22631498782204,15038.234915374696,14212.459301448063,2018,7,3,212,-0.4999999999999997,-0.8660254037844388,13816.763387826519,13891.039447319125,12688.463556221748,7931.450478441637
2018-07-31,Graphite,9711.312716141656,10999.09568331188,-1287.7829671702239,53.10902359415617,17.83707092005877,-24.764631064478337,11448.489724952358,10861.349026098082,2018,7,3,212,-0.4999999999999997,-0.8660254037844388,9334.155709601539,8037.360754824012,9266.412970910036,14619.58097492463
2018-07-31,Copper,14340.356666096242,9749.304856390474,4591.051809705768,40.47090843219153,93.28689789294886,-33.067217791001625,8646.566677534625,10810.355834277287,2018,7,3,212,-0.4999999999999997,-0.8660254037844388,5043.955365143314,9911.476716804631,12429.968094985168,14565.814440445876
2018-08-31,Copper,12842.465820124802,9821.231093305621,3021.2347268191807,43.33463834616318,0.737757593742705,-40.42922600651093,8204.830438279803,10254.903407811666,2018,8,3,243,-0.8660254037844385,-0.5000000000000004,9749.304856390474,11146.439811070086,6264.0287977797925,16486.660210893107
2018-08-31,Graphite,15037.847224012668,14252.26398117223,785.5832428404392,48.65896165887315,29.576688770842697,7.804781067458166,11528.505124695215,10947.33454469571,2018,8,3,243,-0.8660254037844385,-0.5000000000000004,10999.09568331188,14012.217781943662,8996.820640899055,13220.4377580007
2018-08-31,Lithium,16670.42062786787,10808.793116123776,5861.627511744093,39.334433717147846,-30.902914860570398,-20.965007372244948,13422.821335888237,13973.528818642919,2018,8,3,243,-0.8660254037844385,-0.5000000000000004,15642.907503714421,15655.033854583151,8695.082482238826,13675.958909785495
2018-09-30,Copper,4171.084793177125,18861.40777224993,-14690.322979072807,81.8904324778199,92.04728605873356,40.8988917094234,12810.64790731534,10711.147045007554,2018,9,3,273,-1.0,-1.8369701987210297e-16,9821.231093305621,5043.955365143314,7831.27597452366,13386.484125899246
2018-09-30,Graphite,9950.650750780334,13517.863485311329,-3567.2127345309946,57.599996954739176,-5.152869023693851,26.834915959405503,12923.074383265144,11185.669764296666,2018,9,3,273,-1.0,-1.8369701987210297e-16,14252.26398117223,9334.155709601539,7896.859586688129,10657.840850099847
2018-09-30,Lithium,20387.960215730796,14451.671471770973,5936.2887439598235,41.480551807771576,33.7029149925445,-8.97956852171271,13634.457363869724,13854.71870450479,2018,9,3,273,-1.0,-1.8369701987210297e-16,10808.793116123776,13816.763387826519,16466.362223630964,15877.392841428558
2018-10-31,Lithium,10249.420017742885,15341.11520353557,-5091.695185792685,59.94839525974227,6.154608022345265,19.640685355504605,13533.859930476772,14064.590187478903,2018,10,4,304,-0.8660254037844386,0.5000000000000001,14451.671471770973,15642.907503714421,13891.039447319125,12822.657407846196
2018-10-31,Copper,14127.924410506494,18890.865356413917,-4762.940945907423,57.21247050471718,0.15617913848045006,26.53076285478777,15857.834740656488,11041.230850706206,2018,10,4,304,-0.8660254037844386,0.5000000000000001,18861.40777224993,9749.304856390474,9911.476716804631,14929.859688030094
2018-10-31,Graphite,14315.641064693104,14542.385478016151,-226.7444133230474,50.39286195296042,7.579023074305202,27.646002042009865,14104.170981499903,11448.139675998651,2018,10,4,304,-0.8660254037844386,0.5000000000000001,13517.863485311329,10999.09568331188,8037.360754824012,11392.746537592358
2018-11-30,Graphite,11192.370816457358,13666.167279733134,-2473.7964632757757,54.975748078393394,-6.025271435746249,14.44021214188307,13908.80541435354,11591.84087958807,2018,11,4,334,-0.5000000000000004,0.8660254037844384,14542.385478016151,14252.26398117223,14012.217781943662,11941.75283666008
2018-11-30,Lithium,17275.73528611145,11085.056197679261,6190.679088432187,39.08584922256067,-27.742826707118674,-17.321523388315686,13625.947624328599,13871.059307317364,2018,11,4,334,-0.5000000000000004,0.8660254037844384,15341.11520353557,10808.793116123776,15655.033854583151,13407.426759617745
2018-11-30,Copper,15468.98280322526,17246.89238283854,-1777.9095796132806,52.71719703278889,-8.70247573395152,91.83104162014759,18333.055170500797,11729.249535816789,2018,11,4,334,-0.5000000000000004,0.8660254037844384,18890.865356413917,9821.231093305621,11146.439811070086,8990.66816151153
2018-12-31,Lithium,18097.96981308886,16104.038858094611,1993.93095499425,47.08506746758091,45.2770159294827,-10.08565995646622,14176.736753103147,13720.527275228245,2018,12,4,365,-2.4492935982947064e-16,1.0,11085.056197679261,14451.671471770973,13816.763387826519,17910.423243164023
2018-12-31,Graphite,9634.307711620764,17418.042472299607,-7783.734760678843,64.38642984391318,27.453748485359796,19.461319983457237,15208.865076682961,11828.303818725899,2018,12,4,365,-2.4492935982947064e-16,1.0,13666.167279733134,13517.863485311329,9334.155709601539,14580.487202645696
2018-12-31,Copper,10399.860084619933,11407.164705679197,-1007.3046210592638,52.30958746263122,-33.8595936446507,-15.840047412961045,15848.307481643884,11550.334243932028,2018,12,4,365,-2.4492935982947064e-16,1.0,17246.89238283854,18861.40777224993,5043.955365143314,13554.148208296348
2019-01-31,Copper,11965.413867104633,8259.101038184526,3706.3128289201068,40.83707854977817,-27.597249173822913,-33.55492970640339,12304.386042234088,11202.761989198641,2019,1,1,31,0.49999999999999994,0.8660254037844387,11407.164705679197,18890.865356413917,9749.304856390474,12429.968094985168
2019-01-31,Graphite,8771.484935114731,9546.159855755997,-774.674920641266,52.11455929374543,-45.193842126992635,3.018933925394518,13543.45653592958,11851.616059129725,2019,1,1,31,0.49999999999999994,0.8660254037844387,17418.042472299607,14542.385478016151,10999.09568331188,9266.412970910036
2019-01-31,Lithium,13087.921911337224,8464.143136527602,4623.778774809622,39.27300292445132,-47.440867405302214,-33.292607895167606,11884.412730767159,13368.500573587067,2019,1,1,31,0.49999999999999994,0.8660254037844387,16104.038858094611,15341.11520353557,15642.907503714421,12688.463556221748
2019-02-28,Copper,10448.726340187766,14884.33096329417,-4435.604623106403,58.75457819790417,80.21732503911791,137.61594085534435,11516.86556905263,11921.120502991505,2019,2,1,59,0.8660254037844386,0.5000000000000001,8259.101038184526,17246.89238283854,9821.231093305621,6264.0287977797925
2019-02-28,Graphite,14599.994442462452,16003.360023224148,-1403.365580761696,52.29282966730852,67.64186086381831,77.87794891090468,14322.520783759917,12435.494340990152,2019,2,1,59,0.8660254037844386,0.5000000000000001,9546.159855755997,13666.167279733134,14252.26398117223,8996.820640899055
2019-02-28,Lithium,15052.243038116954,16191.00770987272,-1138.7646717557654,51.822417073276284,91.28938923538867,86.2087880471012,13586.396568164977,13993.161009223224,2019,2,1,59,0.8660254037844386,0.5000000000000001,8464.143136527602,11085.056197679261,10808.793116123776,8695.082482238826
2019-03-31,Copper,9275.135870142523,17811.538448111067,-8536.402577968543,65.75756860674457,19.66636923107663,127.44107736791209,13651.65681652992,12752.809042457122,2019,3,1,90,1.0,6.123233995736766e-17,14884.33096329417,11407.164705679197,18861.40777224993,7831.27597452366
2019-03-31,Graphite,8305.803313370034,10243.253128105907,-1937.4498147358736,55.222502343579336,-35.99310948925193,29.712995598568504,11930.92433569535,12631.0271361083,2019,3,1,90,1.0,6.123233995736766e-17,16003.360023224148,17418.042472299607,13517.863485311329,7896.859586688129
2019-03-31,Lithium,7841.684300683,11755.509111529012,-3913.824810846012,59.98567684801005,-27.39482728823045,-28.608948644050724,12136.88665264311,13600.58991654806,2019,3,1,90,1.0,6.123233995736766e-17,16191.00770987272,16104.038858094611,14451.671471770973,16466.362223630964
2019-04-30,Copper,11778.176686904979,20824.69329300944,-9046.516606104462,63.873804072582764,16.91687022811845,110.10686790699671,17840.187568138226,13662.243757140857,2019,4,2,120,0.8660254037844387,-0.4999999999999998,17811.538448111067,8259.101038184526,18890.865356413917,9911.476716804631
2019-04-30,Graphite,10630.938540767736,12611.035690887138,-1980.0971501194017,54.25974388058346,23.11553305545482,56.90518412176551,12952.549614072397,13012.16671411356,2019,4,2,120,0.8660254037844387,-0.4999999999999998,10243.253128105907,9546.159855755997,14542.385478016151,8037.360754824012
2019-04-30,Lithium,17053.30041579062,16904.21410182782,149.0863139628018,49.780481115769746,43.798230612141694,21.691498796299346,14950.243641076517,13851.687804423787,2019,4,2,120,0.8660254037844387,-0.4999999999999998,11755.509111529012,8464.143136527602,15341.11520353557,13891.039447319125
2019-05-31,Lithium,9337.616343460795,10229.737118899524,-892.1207754387287,52.27961532241652,-39.48410108108248,-34.655285872124274,12963.15344408545,13399.579743116818,2019,5,2,151,0.49999999999999994,-0.8660254037844387,16904.21410182782,16191.00770987272,11085.056197679261,15655.033854583151
2019-05-31,Graphite,17402.61989997045,15634.583152172576,1768.0367477978743,47.324173076928815,23.975409596773112,11.578219775598386,12829.623990388538,13147.3638282993,2019,5,2,151,0.49999999999999994,-0.8660254037844387,12611.035690887138,16003.360023224148,13666.167279733134,14012.217781943662
2019-05-31,Copper,14490.697712318835,10853.68496557151,3637.012746747325,42.82481488507482,-47.88069714709824,-2.6264426172007527,16496.638902230672,13637.847520015976,2019,5,2,151,0.49999999999999994,-0.8660254037844387,20824.69329300944,14884.33096329417,17246.89238283854,11146.439811070086
2019-06-30,Copper,11137.677688693191,16415.05514143868,-5277.377452745488,59.57686753847899,51.239465614748745,225.44013483696395,16031.144466673211,14585.439168040588,2019,6,2,181,1.2246467991473532e-16,-1.0,10853.68496557151,17811.538448111067,11407.164705679197,5043.955365143314
2019-06-30,Graphite,16660.0116722347,4367.433854452914,12292.577817781788,20.77015892829138,-72.06555613319298,-53.210188576987505,10871.017565837541,12733.47034037025,2019,6,2,181,1.2246467991473532e-16,-1.0,15634.583152172576,10243.253128105907,17418.042472299607,9334.155709601539
2019-06-30,Lithium,9834.442052911016,14894.010290402195,-5059.568237491179,60.230256562860326,45.59523981203179,7.796666066705615,14009.320503709845,13489.350318331455,2019,6,2,181,1.2246467991473532e-16,-1.0,10229.737118899524,11755.509111529012,16104.038858094611,13816.763387826519
2019-07-31,Copper,18826.25622506504,7852.035993242813,10974.220231822228,29.43230372090455,-52.16564351696336,-19.460555302094583,11706.925366751,14427.333429444952,2019,7,3,212,-0.4999999999999997,-0.8660254037844388,16415.05514143868,20824.69329300944,8259.101038184526,9749.304856390474
2019-07-31,Graphite,11736.455667851378,14401.40404484168,-2664.9483769903018,55.097870304384855,229.7452125155464,30.932619003322912,11467.807017155725,13016.996037164403,2019,7,3,212,-0.4999999999999997,-0.8660254037844388,4367.433854452914,12611.035690887138,9546.159855755997,10999.09568331188
2019-07-31,Lithium,7054.727329431906,10592.927443773773,-3538.2001143418674,60.024561789688605,-28.877936585018137,-32.28287362014719,11905.558284358494,13068.518646669736,2019,7,3,212,-0.4999999999999997,-0.8660254037844388,14894.010290402195,16904.21410182782,8464.143136527602,15642.907503714421
2019-08-31,Copper,9956.819169728296,13478.172363957754,-3521.3531942294576,57.51302425086814,71.65194321009987,37.23505979962929,12581.754499546414,14732.078535332628,2019,8,3,243,-0.8660254037844385,-0.5000000000000004,7852.035993242813,10853.68496557151,14884.33096329417,9821.231093305621
2019-08-31,Graphite,9229.592359571667,12559.283452463187,-3329.6910928915204,57.640805155841036,-12.791256926357164,-11.878677878444666,10442.707117252592,12875.914326438646,2019,8,3,243,-0.8660254037844385,-0.5000000000000004,14401.40404484168,15634.583152172576,16003.360023224148,14252.26398117223
2019-08-31,Lithium,10458.807632715485,15090.064837051184,-4631.2572043356995,59.06352562097625,42.4541508204203,39.60915594305268,13525.667523742382,13425.291290080355,2019,8,3,243,-0.8660254037844385,-0.5000000000000004,10592.927443773773,10229.737118899524,16191.00770987272,10808.793116123776
2019-09-30,Copper,13203.825769624871,14183.14654793252,-979.3207783076487,51.78793180741601,5.230487969273567,-24.80335127052583,11837.784968377695,14342.223433306179,2019,9,3,273,-1.0,-1.8369701987210297e-16,13478.172363957754,16415.05514143868,17811.538448111067,18861.40777224993
2019-09-30,Graphite,7809.055296494202,9626.639346751623,-1817.584050257421,55.21225017829017,-23.3504094147696,-28.785792538798425,12195.775614685495,12551.64564822534,2019,9,3,273,-1.0,-1.8369701987210297e-16,12559.283452463187,4367.433854452914,10243.253128105907,13517.863485311329
2019-09-30,Lithium,15598.076841497137,9397.194318601618,6200.882522895519,37.59588867194546,-37.72595134562745,-34.97503498500133,11693.39553314219,13004.084860649573,2019,9,3,273,-1.0,-1.8369701987210297e-16,15090.064837051184,14894.010290402195,11755.509111529012,14451.671471770973
2019-10-31,Graphite,18449.8946243046,14039.063226155618,4410.831398148983,43.2117991927425,45.83555818877652,-3.4610707618870973,12074.995341790142,12509.702127236962,2019,10,4,304,-0.8660254037844386,0.5000000000000001,9626.639346751623,14401.40404484168,12611.035690887138,14542.385478016151
2019-10-31,Lithium,17308.676595507575,11795.82250442264,5512.854091084935,40.529206374319365,25.52493972666896,-23.109745621986256,12094.36055335848,12708.643802390163,2019,10,4,304,-0.8660254037844386,0.5000000000000001,9397.194318601618,10592.927443773773,16904.21410182782,15341.11520353557
2019-10-31,Copper,9945.382892988822,12725.186316464273,-2779.8034234754505,56.130863759513225,-10.279525960907277,-32.63841504145941,13462.168409451517,13828.41684664371,2019,10,4,304,-0.8660254037844386,0.5000000000000001,14183.14654793252,7852.035993242813,20824.69329300944,18890.865356413917
2019-11-30,Copper,14927.244975827829,10855.897477253013,4071.347498574816,42.104632889525206,-14.689677563248814,-37.05592151746053,12588.076780549934,13295.833937844915,2019,11,4,334,-0.5000000000000004,0.8660254037844384,12725.186316464273,13478.172363957754,10853.68496557151,17246.89238283854
2019-11-30,Graphite,15338.526247303053,16895.18515140913,-1556.658904106076,52.41464422891164,20.344106150418817,23.627823409308135,13520.295908105456,12778.786949876629,2019,11,4,334,-0.5000000000000004,0.8660254037844384,14039.063226155618,12559.283452463187,15634.583152172576,13666.167279733134
2019-11-30,Lithium,12385.949779019442,11383.103967027648,1002.8458119917941,47.89043808241931,-3.4988534054344322,2.688734851978336,10858.7069300173,12733.48111650253,2019,11,4,334,-0.5000000000000004,0.8660254037844384,11795.82250442264,15090.064837051184,10229.737118899524,11085.056197679261
2019-12-31,Copper,13167.42228516543,16865.669779628013,-3698.247494462583,56.15695427977242,55.3595160139235,47.8515495724475,13482.2511911151,13750.70936067398,2019,12,4,365,-2.4492935982947064e-16,1.0,10855.897477253013,14183.14654793252,16415.05514143868,11407.164705679197
2019-12-31,Graphite,8967.27426833625,10540.091619342636,-1572.8173510063862,54.031342212122546,-37.61482028823136,-39.48750764556445,13824.779998969127,12205.62437879688,2019,12,4,365,-2.4492935982947064e-16,1.0,16895.18515140913,9626.639346751623,4367.433854452914,17418.042472299607
2019-12-31,Lithium,15023.187416960678,12262.227650704011,2760.9597662566666,44.940594161001755,7.723057667072508,-23.856196828906263,11813.718040718099,12413.330182553313,2019,12,4,365,-2.4492935982947064e-16,1.0,11383.103967027648,9397.194318601618,14894.010290402195,16104.038858094611
2020-01-31,Copper,15889.834135989293,10018.535604286386,5871.298531702907,38.66910849551502,-40.598056672568426,21.30297907686827,12580.034287055803,13897.328907849136,2020,1,1,31,0.49999999999999994,0.8660254037844387,16865.669779628013,12725.186316464273,7852.035993242813,8259.101038184526
2020-01-31,Graphite,8388.853524220185,16701.17008945433,-8312.316565234143,66.56498354330719,58.453746823274244,74.95171191150871,14712.14895340203,12801.875231605074,2020,1,1,31,0.49999999999999994,0.8660254037844387,10540.091619342636,14039.063226155618,14401.40404484168,9546.159855755997
2020-01-31,Lithium,9524.02844830249,10079.578352962444,-555.5499046599543,51.41695839518702,-17.79977798419241,19.085632064317505,11241.636656898032,12547.94978392288,2020,1,1,31,0.49999999999999994,0.8660254037844387,12262.227650704011,11795.82250442264,10592.927443773773,8464.143136527602
2020-02-29,Copper,13177.865948488363,14442.230884857177,-1264.3649363688146,52.288849572102805,44.1551086436039,-2.9702381620459906,13775.478756257193,13860.487234646054,2020,2,1,60,0.8660254037844386,0.5000000000000001,10018.535604286386,10855.897477253013,13478.172363957754,14884.33096329417
2020-02-29,Graphite,13445.916588809756,10091.149537082567,3354.767051727189,42.87343835934436,-39.578188336310326,-36.943557337720044,12444.137081959843,12309.19102442661,2020,2,1,60,0.8660254037844386,0.5000000000000001,16701.17008945433,16895.18515140913,12559.283452463187,16003.360023224148
2020-02-29,Lithium,15518.502461335127,6804.846837562593,8713.655623772534,30.483090805278945,-32.488774834885724,-57.9714434116832,9715.550947076348,11765.769711230372,2020,2,1,60,0.8660254037844386,0.5000000000000001,10079.578352962444,11383.103967027648,15090.064837051184,16191.00770987272
2020-03-31,Lithium,8869.990078600098,21430.053556349365,-12560.063477749267,70.72614750835196,214.92337840810728,82.29796219827017,12771.492915624802,12571.981748298735,2020,3,1,91,1.0,6.123233995736766e-17,6804.846837562593,12262.227650704011,9397.194318601618,11755.509111529012
2020-03-31,Graphite,9026.894322968808,14974.364093622351,-5947.469770653543,62.38991236922452,48.39106326385449,46.18758226851784,13922.227906719747,12703.45027155298,2020,3,1,91,1.0,6.123233995736766e-17,10091.149537082567,10540.091619342636,9626.639346751623,10243.253128105907
2020-03-31,Copper,7864.780472550445,15201.910931680317,-7337.130459129872,65.9041674650057,5.260129497165655,-14.651331349244023,13220.892473607959,13643.018274943492,2020,3,1,91,1.0,6.123233995736766e-17,14442.230884857177,16865.669779628013,14183.14654793252,17811.538448111067
2020-04-30,Copper,10602.892778964084,14147.134056377254,-3544.24127741317,57.160075625356974,-6.938449251830181,-32.06558263632987,14597.09195763825,13086.555005224143,2020,4,2,121,0.8660254037844387,-0.4999999999999998,15201.910931680317,10018.535604286386,12725.186316464273,20824.69329300944
2020-04-30,Graphite,16183.86098289343,13786.391344249416,2397.4696386440137,46.00025116159479,-7.933376949735704,9.32005651376915,12950.634991651445,12801.396575999834,2020,4,2,121,0.8660254037844387,-0.4999999999999998,14974.364093622351,16701.17008945433,14039.063226155618,12611.035690887138
2020-04-30,Lithium,10540.174137367661,13491.441771803278,-2951.267634435617,56.14038532737483,-37.044292790365006,-20.18888491039359,13908.78072190508,12287.584054130022,2020,4,2,121,0.8660254037844387,-0.4999999999999998,21430.053556349365,10079.578352962444,11795.82250442264,16904.21410182782
2020-05-31,Copper,16597.30623365434,7414.525006770629,9182.781226883711,30.878632006574957,-47.58991483912386,-31.686565159299228,12254.5233316094,12799.958341990736,2020,5,2,152,0.49999999999999994,-0.8660254037844387,14147.134056377254,14442.230884857177,10855.897477253013,10853.68496557151
2020-05-31,Graphite,14808.592270686664,15702.853459915954,-894.2611892292898,51.465452009591864,13.901115004006703,0.4366621551652461,14821.20296592924,12807.085768311785,2020,5,2,152,0.49999999999999994,-0.8660254037844387,13786.391344249416,10091.149537082567,16895.18515140913,15634.583152172576
2020-05-31,Lithium,12634.503999190327,14688.933062916854,-2054.4290637265276,53.75946309217383,8.875932693986034,43.59052331637074,16536.80946368983,12659.183716131467,2020,5,2,152,0.49999999999999994,-0.8660254037844387,13491.441771803278,6804.846837562593,11383.103967027648,10229.737118899524
2020-06-30,Copper,6136.827758345109,11870.365633832576,-5733.537875487467,65.92013189012039,60.0961035668915,-27.68610564172487,11144.00823232682,12421.234216356892,2020,6,2,182,1.2246467991473532e-16,-1.0,7414.525006770629,15201.910931680317,16865.669779628013,16415.05514143868
2020-06-30,Graphite,8110.443921869774,19104.840642650714,-10994.39672078094,70.19893764975346,21.664770619039885,337.43858016697726,16198.028482272028,14035.203000661602,2020,6,2,182,1.2246467991473532e-16,-1.0,15702.853459915954,14974.364093622351,10540.091619342636,4367.433854452914
2020-06-30,Lithium,13682.641804365208,12494.897597682952,1187.7442066822568,47.73136774155839,-14.936656432677776,-16.107902747087856,13558.42414413436,12459.257658404864,2020,6,2,182,1.2246467991473532e-16,-1.0,14688.933062916854,21430.053556349365,12262.227650704011,14894.010290402195
2020-07-31,Copper,17204.410415264898,15422.531154812714,1781.879260452184,47.269313066587955,29.924651274901404,96.41442255339638,11569.140598471975,13052.108813154386,2020,7,3,213,-0.4999999999999997,-0.8660254037844388,11870.365633832576,14147.134056377254,10018.535604286386,7852.035993242813
2020-07-31,Graphite,12727.760831462132,15859.945298169176,-3132.1844667070436,55.47820180553157,-16.984676319348367,10.127771214431824,16889.213133578614,14156.748105105557,2020,7,3,213,-0.4999999999999997,-0.8660254037844388,19104.840642650714,13786.391344249416,16701.17008945433,14401.40404484168
2020-07-31,Lithium,14075.372152893422,7115.577481738474,6959.794671154948,33.578379470590804,-43.0521344724107,-32.82709128796297,11433.13604744609,12169.478494901921,2020,7,3,213,-0.4999999999999997,-0.8660254037844388,12494.897597682952,13491.441771803278,10079.578352962444,10592.927443773773
2020-08-31,Graphite,11972.691931808971,10657.88192617798,1314.8100056309904,47.09505818570536,-32.800008286231005,-15.139410886632188,15207.555955665955,13998.297977915126,2020,8,3,244,-0.8660254037844385,-0.5000000000000004,15859.945298169176,15702.853459915954,10091.149537082567,12559.283452463187
2020-08-31,Lithium,17527.554082191928,8514.386099823128,9013.1679823688,32.69489922914149,19.658399078283928,-43.57621261561815,9374.953726414851,11621.505266799584,2020,8,3,244,-0.8660254037844385,-0.5000000000000004,7115.577481738474,14688.933062916854,6804.846837562593,15090.064837051184
2020-08-31,Copper,10762.95963055062,14121.918638266858,-3358.9590077162375,56.74899626076382,-8.43319753087346,4.776213398417117,13804.938475637384,13105.754336013479,2020,8,3,244,-0.8660254037844385,-0.5000000000000004,15422.531154812714,7414.525006770629,14442.230884857177,13478.172363957754
2020-09-30,Lithium,15772.690351412308,13997.658703708414,1775.0316477038941,47.018792684598075,64.40009343714388,48.955722624573596,9875.874095090005,12004.877298891815,2020,9,3,274,-1.0,-1.8369701987210297e-16,8514.386099823128,12494.897597682952,21430.053556349365,9397.194318601618
2020-09-30,Graphite,9536.61575501594,16682.02073023853,-7145.404975222591,63.62657623183649,56.5228517803712,73.29018081338687,14399.949318195228,14586.246426539032,2020,9,3,274,-1.0,-1.8369701987210297e-16,10657.88192617798,19104.840642650714,14974.364093622351,9626.639346751623
2020-09-30,Copper,9937.714254621014,15732.133177410851,-5794.418922789837,61.28643038906287,11.402236341885708,10.921318652694367,15092.194323496808,13234.836555136671,2020,9,3,274,-1.0,-1.8369701987210297e-16,14121.918638266858,11870.365633832576,15201.910931680317,14183.14654793252
2020-10-31,Copper,16195.749913080475,10378.074035187936,5817.67587789254,39.05374723408667,-34.032632967477014,-18.444620164339476,13410.708616955215,13039.24386503031,2020,10,4,305,-0.8660254037844386,0.5000000000000001,15732.133177410851,15422.531154812714,14147.134056377254,12725.186316464273
2020-10-31,Graphite,11718.17070511105,11689.061334207432,29.109370903617673,49.93781970705737,-29.930183379886653,-16.739022070717592,13009.654663541312,14390.412935543349,2020,10,4,305,-0.8660254037844386,0.5000000000000001,16682.02073023853,15859.945298169176,13786.391344249416,14039.063226155618
2020-10-31,Lithium,9461.173379862788,10681.330216262024,-1220.1568363992355,53.028811266127754,-23.6920227706923,-9.448194797291642,11064.458339931187,11912.002941545099,2020,10,4,305,-0.8660254037844386,0.5000000000000001,13997.658703708414,7115.577481738474,13491.441771803278,11795.82250442264
2020-11-30,Copper,10660.616462878072,7975.326830779851,2685.289632098221,42.795401902161665,-23.15214938977427,-26.534615424555984,11361.844681126213,12799.196311157546,2020,11,4,335,-0.5000000000000004,0.8660254037844384,10378.074035187936,14121.918638266858,7414.525006770629,10855.897477253013
2020-11-30,Graphite,16508.012918276894,11197.540400461334,5310.47251781556,40.41623089652589,-4.204964964189961,-33.72348216303854,13189.540821635766,13915.609206297702,2020,11,4,335,-0.5000000000000004,0.8660254037844384,11689.061334207432,10657.88192617798,15702.853459915954,16895.18515140913
2020-11-30,Lithium,13266.353828016152,10947.613498028131,2318.7403299880207,45.21197765990622,2.4929786494260586,-3.825762026429347,11875.534139332856,11875.712069128473,2020,11,4,335,-0.5000000000000004,0.8660254037844384,10681.330216262024,8514.386099823128,14688.933062916854,11383.103967027648
2020-12-31,Copper,12164.143995124166,12836.19607582016,-672.0520806959939,51.344085878009835,60.94884069553548,-23.891572386144077,10396.532313929316,12463.406835840227,2020,12,4,366,-2.4492935982947064e-16,1.0,7975.326830779851,15732.133177410851,11870.365633832576,16865.669779628013
2020-12-31,Graphite,14983.882491592245,6560.636518439877,8423.245973152367,30.45153393949033,-41.41002145283993,-37.75541280495007,9815.746084369546,13583.987947889138,2020,12,4,366,-2.4492935982947064e-16,1.0,11197.540400461334,16682.02073023853,19104.840642650714,10540.091619342636
2020-12-31,Lithium,13865.008181090821,11137.767540140743,2727.240640950078,44.54612425564776,1.7369451538169711,-9.170112826103905,10922.237084810298,11782.007059914866,2020,12,4,366,-2.4492935982947064e-16,1.0,10947.613498028131,13997.658703708414,12494.897597682952,12262.227650704011
2021-01-31,Copper,13318.942240978864,8118.343926639358,5200.598314339506,37.870203640339525,-36.75428546988254,-18.966760739304444,9643.288944413123,12305.05752936964,2021,1,1,31,0.49999999999999994,0.8660254037844387,12836.19607582016,10378.074035187936,15422.531154812714,10018.535604286386
2021-01-31,Graphite,13942.004119943686,13109.413252245802,832.5908676978834,48.46109566784874,99.81922814043091,-21.506019146984677,10289.19672371567,13284.674878121761,2021,1,1,31,0.49999999999999994,0.8660254037844387,6560.636518439877,11689.061334207432,15859.945298169176,16701.17008945433
2021-01-31,Lithium,18640.336192081428,12207.278524150293,6433.057667931134,39.572844242400826,9.602561556030054,21.109019610552515,11430.886520773056,11959.315407513854,2021,1,1,31,0.49999999999999994,0.8660254037844387,11137.767540140743,10681.330216262024,7115.577481738474,10079.578352962444
2021-02-28,Lithium,14085.337561863606,19105.36500047712,-5020.027438613513,57.56240008656732,56.50797974896684,180.76113183056464,14150.137021589384,12984.358587756731,2021,2,1,59,0.8660254037844386,0.5000000000000001,12207.278524150293,10947.613498028131,8514.386099823128,6804.846837562593
2021-02-28,Graphite,10236.105180575096,17610.636641019177,-7374.531460444081,63.24128242307573,34.33581123855609,74.515664209556,12426.895470568285,13911.298803449812,2021,2,1,59,0.8660254037844386,0.5000000000000001,13109.413252245802,11197.540400461334,10657.88192617798,10091.149537082567
2021-02-28,Copper,9904.19481814627,10019.53860450261,-115.34378635633948,50.28946328459006,23.418503761890562,-30.62333178035399,10324.692868987377,11936.499839340095,2021,2,1,59,0.8660254037844386,0.5000000000000001,8118.343926639358,7975.326830779851,14121.918638266858,14442.230884857177
2021-03-31,Copper,13982.3124396462,15394.976930075052,-1412.6644904288514,52.40434791762113,53.64955950323713,1.2700113772696309,11177.619820405673,11952.588672539654,2021,3,1,90,1.0,6.123233995736766e-17,10019.53860450261,12836.19607582016,15732.133177410851,15201.910931680317
2021-03-31,Graphite,18412.872123313005,15459.887013640991,2952.985109672014,45.641062043790804,-12.212787483040788,3.242360857416493,15393.312302301989,13951.759046784699,2021,3,1,90,1.0,6.123233995736766e-17,17610.636641019177,6560.636518439877,16682.02073023853,14974.364093622351
2021-03-31,Lithium,6413.806587868703,16374.18856361698,-9960.381975748278,71.85444991877424,-14.295337654066975,-23.592404841351488,15895.610696081463,12563.036505029033,2021,3,1,90,1.0,6.123233995736766e-17,19105.36500047712,11137.767540140743,13997.658703708414,21430.053556349365
2021-04-30,Copper,11374.235143512336,9934.690887317029,1439.5442561953078,46.62220363871787,-35.467971582932435,-29.775947214986186,11783.06880729823,11601.551741784635,2021,4,2,120,0.8660254037844387,-0.4999999999999998,15394.976930075052,8118.343926639358,10378.074035187936,14147.134056377254
2021-04-30,Graphite,15745.213111346862,15562.391201509938,182.82190983692453,49.70802315627542,0.6630332277234752,12.882267831467932,16210.971618723366,14099.759034889741,2021,4,2,120,0.8660254037844387,-0.4999999999999998,15459.887013640991,13109.413252245802,11689.061334207432,13786.391344249416
2021-04-30,Lithium,12008.044270967306,9945.560948392733,2062.4833225745733,45.30263184117989,-39.26074009864825,-26.282445444943725,15141.704837495608,12267.546436411487,2021,4,2,120,0.8660254037844387,-0.4999999999999998,16374.18856361698,12207.278524150293,10681.330216262024,13491.441771803278
2021-05-31,Copper,17482.81262574373,11299.730176857624,6183.082448886105,39.258971156072974,13.740128455161615,52.39991997517293,12209.799331416567,11925.318839291884,2021,5,2,151,0.49999999999999994,-0.8660254037844387,9934.690887317029,10019.53860450261,7975.326830779851,7414.525006770629
2021-05-31,Graphite,6923.882636103148,12549.518083924724,-5625.635447821576,64.44440939901104,-19.359962608399726,-20.081288945608666,14523.932099691883,13836.981086890475,2021,5,2,151,0.49999999999999994,-0.8660254037844387,15562.391201509938,17610.636641019177,11197.540400461334,15702.853459915954
2021-05-31,Lithium,15659.49998921053,15501.524977521038,157.97501168949202,49.74651826783915,55.863757287880134,5.532000936512005,13940.424829843583,12335.262429295168,2021,5,2,151,0.49999999999999994,-0.8660254037844387,9945.560948392733,19105.36500047712,10947.613498028131,14688.933062916854
2021-06-30,Copper,11662.101826291797,15567.616892857473,-3905.5150665656765,57.17142014364461,37.769810864516764,31.14690290994153,12267.345985677375,12233.423110877293,2021,6,2,181,1.2246467991473532e-16,-1.0,11299.730176857624,15394.976930075052,12836.19607582016,11870.365633832576
2021-06-30,Graphite,9368.23350604579,9569.38151640331,-201.14801035751952,50.53108063005578,-23.74701998588148,-49.911220431537714,12560.430267279322,13042.359493036522,2021,6,2,181,1.2246467991473532e-16,-1.0,12549.518083924724,15459.887013640991,6560.636518439877,19104.840642650714
2021-06-30,Lithium,8963.800319684899,13454.206417081885,-4490.406097396986,60.01517697385751,-13.20720744190005,7.677604493347956,12967.097447665217,12415.204830911745,2021,6,2,181,1.2246467991473532e-16,-1.0,15501.524977521038,16374.18856361698,11137.767540140743,12494.897597682952
2021-07-31,Graphite,12936.742517402425,13136.05922231132,-199.3167049088952,50.3822310829858,37.271768293428444,-17.174624657578697,11751.652940879781,12815.368986715037,2021,7,3,212,-0.4999999999999997,-0.8660254037844388,9569.38151640331,15562.391201509938,13109.413252245802,15859.945298169176
2021-07-31,Lithium,10413.469624383486,13393.787502336996,-2980.31787795351,56.25926342982304,-0.44907081749674393,88.231911418448,14116.506298979972,12938.388999294957,2021,7,3,212,-0.4999999999999997,-0.8660254037844388,13454.206417081885,9945.560948392733,12207.278524150293,7115.577481738474
2021-07-31,Copper,13821.962652749266,9373.135244661706,4448.82740808756,40.40998354961861,-39.790815067127184,-39.2244038895214,12080.160771458934,11729.306785031375,2021,7,3,212,-0.4999999999999997,-0.8660254037844388,15567.616892857473,9934.690887317029,8118.343926639358,15422.531154812714
2021-08-31,Copper,16191.825475421258,13683.099538970167,2508.72593645109,45.80128496516296,45.9820986447744,-3.107361758250049,12874.61722549645,11692.738526756651,2021,8,3,243,-0.8660254037844385,-0.5000000000000004,9373.135244661706,11299.730176857624,10019.53860450261,14121.918638266858
2021-08-31,Graphite,12081.164667115958,12714.195536448102,-633.030869332144,51.27651073453886,-3.2114934831192876,19.293829904602198,11806.545425054244,12986.728454237544,2021,8,3,243,-0.8660254037844385,-0.5000000000000004,13136.05922231132,12549.518083924724,17610.636641019177,10657.88192617798
2021-08-31,Lithium,17842.45937451459,14745.027544528723,3097.431829985868,45.24751350467623,10.08855816143086,73.17781190161232,13864.340487982534,13457.60911968709,2021,8,3,243,-0.8660254037844385,-0.5000000000000004,13393.787502336996,15501.524977521038,19105.36500047712,8514.386099823128
2021-09-30,Copper,13527.750405708492,10891.361260450383,2636.3891452581083,44.60179145478143,-20.402820797793442,-30.769965282973455,11315.865348027417,11289.340867009945,2021,9,3,273,-1.0,-1.8369701987210297e-16,13683.099538970167,15567.616892857473,15394.976930075052,15732.133177410851
2021-09-30,Graphite,10258.174399823769,5944.479133803706,4313.695266020063,36.6883061559414,-53.24533812019393,-64.36595284270032,10598.244630854375,12091.93332120131,2021,9,3,273,-1.0,-1.8369701987210297e-16,12714.195536448102,9569.38151640331,15459.887013640991,16682.02073023853
2021-09-30,Lithium,7620.880559986454,13838.534614285189,-6217.654054298735,64.48700722691007,-6.147787296469964,-1.1367907504493457,13992.449887050301,13444.34877890182,2021,9,3,273,-1.0,-1.8369701987210297e-16,14745.027544528723,13454.206417081885,16374.18856361698,13997.658703708414
2021-10-31,Copper,13040.479602435948,15344.383017257293,-2303.903414821345,54.05833110008239,40.88581445716149,47.85385963937596,13306.281272225948,11703.19994884906,2021,10,4,304,-0.8660254037844386,0.5000000000000001,10891.361260450383,9373.135244661706,9934.690887317029,10378.074035187936
2021-10-31,Graphite,12496.333364970158,15504.672235250891,-3008.3388702807333,55.371840771063205,160.82473983435256,32.64257746579935,11387.782301834231,12409.900896288265,2021,10,4,304,-0.8660254037844386,0.5000000000000001,5944.479133803706,13136.05922231132,15562.391201509938,11689.061334207432
2021-10-31,Lithium,15149.962732277161,12843.235415073796,2306.7273172033656,45.879843194298154,-7.192229719062659,20.240037102498086,13808.932524629234,13624.507545469469,2021,10,4,304,-0.8660254037844386,0.5000000000000001,13838.534614285189,13393.787502336996,9945.560948392733,10681.330216262024
2021-11-30,Copper,14894.508606534317,10078.276552287238,4816.232054247079,40.35703862501344,-34.31944092536955,26.368194885647767,12104.673609998305,11878.445758974674,2021,11,4,334,-0.5000000000000004,0.8660254037844384,15344.383017257293,13683.099538970167,11299.730176857624,7975.326830779851
2021-11-30,Graphite,14360.427254946833,13143.028877133878,1217.398377812955,47.78682655014954,-15.231817366301115,17.374248335754096,11530.72674872949,12572.024936010976,2021,11,4,334,-0.5000000000000004,0.8660254037844384,15504.672235250891,12714.195536448102,12549.518083924724,11197.540400461334
2021-11-30,Lithium,16112.12570476203,15397.081821193748,715.0438835682817,48.86534137207472,19.884758969087834,40.64327192375807,14026.283950184245,13995.296572399937,2021,11,4,334,-0.5000000000000004,0.8660254037844384,12843.235415073796,14745.027544528723,15501.524977521038,10947.613498028131
2021-12-31,Lithium,16114.001069997015,4006.1887002751487,12107.812369721867,19.911286851749,-73.980857237761,-64.03059512746371,10748.835312180896,13400.998335744473,2021,12,4,365,-2.4492935982947064e-16,1.0,15397.081821193748,13838.534614285189,13454.206417081885,11137.767540140743
2021-12-31,Graphite,9134.543955980107,14777.87575213665,-5643.331796156543,61.80000155785361,12.43888977408445,125.25064009567832,14475.192288173805,13256.794872152374,2021,12,4,365,-2.4492935982947064e-16,1.0,13143.028877133878,5944.479133803706,9569.38151640331,6560.636518439877
2021-12-31,Copper,11022.88056725771,14921.225464728548,-3898.344897470839,57.51296824925207,48.053344114100696,16.2433588314844,13447.961678091027,12052.198208050373,2021,12,4,365,-2.4492935982947064e-16,1.0,10078.276552287238,10891.361260450383,15567.616892857473,12836.19607582016
2022-01-31,Copper,16190.462027176914,19078.860758110313,-2888.398730933399,54.0947748678326,27.863899672381255,135.00926950760675,14692.7875917087,12965.574610672955,2022,1,1,31,0.49999999999999994,0.8660254037844387,14921.225464728548,15344.383017257293,9373.135244661706,8118.343926639358
2022-01-31,Graphite,14790.423933861444,12177.305748150933,2613.118185710511,45.15510164088178,-17.59772546206253,-7.110215279354226,13366.070125807151,13179.119246811135,2022,1,1,31,0.49999999999999994,0.8660254037844387,14777.87575213665,15504.672235250891,13136.05922231132,13109.413252245802
2022-01-31,Lithium,16530.267656488555,14867.933679975122,1662.3339765134333,47.35281973846235,271.12414797021364,21.79564552869926,11423.734733814672,13622.719598729871,2022,1,1,31,0.49999999999999994,0.8660254037844387,4006.1887002751487,12843.235415073796,13393.787502336996,12207.278524150293
2022-02-28,Copper,13652.747629886697,7362.75770871667,6289.989921170027,35.034883007033976,-61.40881889089314,-26.516000393391646,13787.614643851843,12744.17620269079,2022,2,1,59,0.8660254037844386,0.5000000000000001,19078.860758110313,10078.276552287238,13683.099538970167,10019.53860450261
2022-02-28,Graphite,9161.169739263241,13270.660754159686,-4109.4910148964445,59.159954681588204,8.978628184438687,-24.644060151412695,13408.614084815754,12817.454589572844,2022,2,1,59,0.8660254037844386,0.5000000000000001,12177.305748150933,13143.028877133878,12714.195536448102,17610.636641019177
2022-02-28,Lithium,11864.609101838909,20109.27993535348,-8244.67083351457,62.892818299213275,35.25268788653304,5.254623163971428,12994.46743853458,13706.379176636236,2022,2,1,59,0.8660254037844386,0.5000000000000001,14867.933679975122,15397.081821193748,14745.027544528723,19105.36500047712
2022-03-31,Copper,9734.027965625088,8375.496246819503,1358.5317188055851,46.24912365761652,13.754880686945125,-45.59591557128322,11605.70490454883,12159.219479086163,2022,3,1,90,1.0,6.123233995736766e-17,7362.75770871667,14921.225464728548,10891.361260450383,15394.976930075052
2022-03-31,Graphite,13292.903274775645,9473.768773741731,3819.1345010339137,41.612444513420606,-28.611175063214688,-38.720323341415266,11640.578425350783,12318.61140291457,2022,3,1,90,1.0,6.123233995736766e-17,13270.660754159686,14777.87575213665,5944.479133803706,15459.887013640991
2022-03-31,Lithium,15103.52319077462,11148.731351576609,3954.791839198011,42.46771009168379,-44.55927120505005,-31.912770466386352,15375.314988968405,13270.924408966204,2022,3,1,90,1.0,6.123233995736766e-17,20109.27993535348,4006.1887002751487,13838.534614285189,16374.18856361698
2022-04-30,Copper,13562.962626418652,11760.388319275346,1802.5743071433062,46.44088511230419,40.414227082260545,18.376992829128348,9166.214091603839,12311.360931749356,2022,4,2,120,0.8660254037844387,-0.4999999999999998,8375.496246819503,19078.860758110313,15344.383017257293,9934.690887317029
2022-04-30,Graphite,13156.73101367052,12999.74023550968,156.9907781608399,49.699900692518376,37.218255437485645,-16.466948638019186,11914.723254470366,12105.057155747885,2022,4,2,120,0.8660254037844387,-0.4999999999999998,9473.768773741731,12177.305748150933,15504.672235250891,15562.391201509938
2022-04-30,Lithium,12821.375598237331,9976.057597808987,2845.318000428344,43.75956500023477,-10.51845018762414,0.3066357903239503,13744.689628246357,13273.465796417559,2022,4,2,120,0.8660254037844387,-0.4999999999999998,11148.731351576609,14867.933679975122,12843.235415073796,9945.560948392733
2022-05-31,Graphite,12698.106574082547,14694.603182899657,-1996.4966088171095,53.64421159229823,13.037667804779218,17.09296791023931,12389.37073071702,12283.814247329128,2022,5,2,151,0.49999999999999994,-0.8660254037844387,12999.74023550968,13270.660754159686,13143.028877133878,12549.518083924724
2022-05-31,Lithium,19325.230476206336,16161.596113574564,3163.634362631772,45.54252286460745,62.00383723851082,4.258104522043493,12428.79502098672,13328.471724422021,2022,5,2,151,0.49999999999999994,-0.8660254037844387,9976.057597808987,20109.27993535348,15397.081821193748,15501.524977521038
2022-05-31,Copper,12972.157033909605,10179.504288097083,2792.652745812522,43.968785421117964,-13.442447547307468,-9.913740162174978,10105.129618063978,12218.008774352646,2022,5,2,151,0.49999999999999994,-0.8660254037844387,11760.388319275346,7362.75770871667,10078.276552287238,11299.730176857624
2022-06-30,Lithium,10768.75449693729,13897.65695511199,-3128.9024581747,56.34243546990446,-14.008140919701795,3.29599921603021,13345.103555498514,13365.425935924532,2022,6,2,181,1.2246467991473532e-16,-1.0,16161.596113574564,11148.731351576609,4006.1887002751487,13454.206417081885
2022-06-30,Copper,11572.17293414256,9692.300026054883,1879.8729080876765,45.579780153483235,-4.786129542790107,-37.74063112703027,10544.064211142437,11728.399035452429,2022,6,2,181,1.2246467991473532e-16,-1.0,10179.504288097083,8375.496246819503,14921.225464728548,15567.616892857473
2022-06-30,Graphite,15333.89857160387,9832.800074908931,5501.098496694938,39.07067912648687,-33.08563727429185,2.752722922104045,12509.047831106087,12305.765793871265,2022,6,2,181,1.2246467991473532e-16,-1.0,14694.603182899657,9473.768773741731,14777.87575213665,9569.38151640331
2022-07-31,Copper,8079.332082960316,9843.697521809809,-1764.3654388494924,54.92206250214504,1.5620388901286475,5.020329536118706,9905.167278653926,11767.6125585481,2022,7,3,212,-0.4999999999999997,-0.8660254037844388,9692.300026054883,11760.388319275346,19078.860758110313,9373.135244661706
2022-07-31,Graphite,17797.2117247117,13598.654715987235,4198.557008724463,43.3135194458564,38.29890379534826,3.521569793855739,12708.685991265273,12344.315418344255,2022,7,3,212,-0.4999999999999997,-0.8660254037844388,9832.800074908931,12999.74023550968,12177.305748150933,13136.05922231132
2022-07-31,Lithium,12021.349949113472,9596.125185672454,2425.224763441018,44.39059199023097,-30.951489041160272,-28.35390897460418,13218.459418119668,13048.954076202484,2022,7,3,212,-0.4999999999999997,-0.8660254037844388,13897.65695511199,9976.057597808987,14867.933679975122,13393.787502336996
2022-08-31,Copper,12505.561172223046,14486.02756745086,-1980.4663952278133,53.66867325656307,47.16042965923579,5.868027388048391,11340.675038438518,11834.523227588163,2022,8,3,243,-0.8660254037844385,-0.5000000000000004,9843.697521809809,10179.504288097083,7362.75770871667,13683.099538970167
2022-08-31,Graphite,14455.519509244888,19575.544509191455,-5120.024999946567,57.522575546231515,43.95206671566931,53.96604883945471,14335.66643336254,12916.094499406203,2022,8,3,243,-0.8660254037844385,-0.5000000000000004,13598.654715987235,14694.603182899657,13270.660754159686,12714.195536448102
2022-08-31,Lithium,6964.233891878293,12090.144486849473,-5125.910594971179,63.45074211576939,25.98985791578383,-18.005277030929445,11861.308875877972,12827.71382139588,2022,8,3,243,-0.8660254037844385,-0.5000000000000004,9596.125185672454,16161.596113574564,20109.27993535348,14745.027544528723
2022-09-30,Copper,12313.212426578702,16560.790795841815,-4247.578369263112,57.35536796983677,14.32251332347876,52.054370430064935,13630.171961700828,12306.97568887078,2022,9,3,273,-1.0,-1.8369701987210297e-16,14486.02756745086,9692.300026054883,8375.496246819503,10891.361260450383
2022-09-30,Graphite,11314.103185049771,9155.330603511356,2158.7725815384147,44.726838553920345,-53.23077424889722,54.01400858569616,14109.843276230014,13183.665455215174,2022,9,3,273,-1.0,-1.8369701987210297e-16,19575.544509191455,9832.800074908931,9473.768773741731,5944.479133803706
2022-09-30,Lithium,12537.484181126369,20158.608385584215,-7621.124204457847,61.65448774789877,66.73587654399715,45.67010848659485,13948.292686035382,13354.386635670797,2022,9,3,273,-1.0,-1.8369701987210297e-16,12090.144486849473,13897.65695511199,11148.731351576609,13838.534614285189
2022-10-31,Copper,10034.550689215524,7892.580382218841,2141.9703069966836,44.02589767860357,-52.341766286906065,-48.563716290564884,12979.799581837171,11685.99213595091,2022,10,4,304,-0.8660254037844386,0.5000000000000001,16560.790795841815,9843.697521809809,11760.388319275346,15344.383017257293
2022-10-31,Graphite,13027.899534504193,12858.67328284908,169.22625165511272,49.67313894185778,40.450125066126795,-17.065816756744834,13863.182798517295,12963.165542515024,2022,10,4,304,-0.8660254037844386,0.5000000000000001,9155.330603511356,13598.654715987235,12999.74023550968,15504.672235250891
2022-10-31,Lithium,11245.06495460894,11803.332793728454,-558.2678391195132,51.211077327836776,-41.4476804749616,-8.096889823609654,14684.028555387378,13267.72808389202,2022,10,4,304,-0.8660254037844386,0.5000000000000001,20158.608385584215,9596.125185672454,9976.057597808987,12843.235415073796
2022-11-30,Lithium,21303.032094599672,14836.578903322075,6466.4531912775965,41.053510244410965,25.69821729677313,-3.64031914865941,15599.50669421158,13221.019507402714,2022,11,4,334,-0.5000000000000004,0.8660254037844384,11803.332793728454,12090.144486849473,16161.596113574564,15397.081821193748
2022-11-30,Graphite,14213.862085627154,13851.457788896287,362.4042967308669,49.354355663232894,7.720738245767422,5.390149549126577,11955.153891752241,13022.201285161891,2022,11,4,334,-0.5000000000000004,0.8660254037844384,12858.67328284908,19575.544509191455,14694.603182899657,13143.028877133878
2022-11-30,Copper,12972.48382681276,14669.442973783669,-1696.9591469709085,53.069538457308795,85.86371330258974,45.555074795546055,13040.938050614774,12068.589337742278,2022,11,4,334,-0.5000000000000004,0.8660254037844384,7892.580382218841,14486.02756745086,10179.504288097083,10078.276552287238
2022-12-31,Copper,9402.933184003148,12832.410719753054,-3429.4775357499057,57.71177084238973,-12.522849417756676,-13.998949013357699,11798.14469191852,11894.521442327654,2022,12,4,365,-2.4492935982947064e-16,1.0,14669.442973783669,16560.790795841815,9692.300026054883,14921.225464728548
2022-12-31,Graphite,14813.314396303576,14018.289940033725,795.0244562698517,48.621262197213454,1.2044374944504055,-5.140020290081959,13576.140337259696,12958.902467486647,2022,12,4,365,-2.4492935982947064e-16,1.0,13851.457788896287,9155.330603511356,9832.800074908931,14777.87575213665
2022-12-31,Lithium,11744.398399636153,16822.58405322292,-5078.185653586766,58.88820802471303,13.38586990196342,319.9149194362096,14487.498583424482,14289.052453481694,2022,12,4,365,-2.4492935982947064e-16,1.0,14836.578903322075,20158.608385584215,13897.65695511199,4006.1887002751487
2023-01-31,Copper,13155.563458837802,11220.811332664376,1934.7521261734255,46.03150151997192,-12.558820180279351,-41.18720465060015,12907.555008733701,11239.683990207159,2023,1,1,31,0.49999999999999994,0.8660254037844387,12832.410719753054,7892.580382218841,9843.697521809809,19078.860758110313
2023-01-31,Graphite,11972.503227066522,10495.28129069367,1477.221936372851,46.71257765712248,-25.13151507359662,-13.81278003726456,12788.343006541227,12818.73376269854,2023,1,1,31,0.49999999999999994,0.8660254037844387,14018.289940033725,12858.67328284908,13598.654715987235,12177.305748150933
2023-01-31,Lithium,12280.945099730956,11405.866193206133,875.0789065248227,48.15281403709719,-32.19908334462467,-23.285464956249267,14355.009716583707,14000.54682958428,2023,1,1,31,0.49999999999999994,0.8660254037844387,16822.58405322292,11803.332793728454,9596.125185672454,14867.933679975122
2023-02-28,Copper,10390.609961562139,9100.232871461241,1290.3770901008975,46.689786323876646,-18.898619701678953,23.598157531214127,11051.15164129289,11384.47358710254,2023,2,1,59,0.8660254037844386,0.5000000000000001,11220.811332664376,14669.442973783669,14486.02756745086,7362.75770871667
2023-02-28,Graphite,11434.572623705966,13630.131309595523,-2195.5586858895567,54.37978180738151,29.869137682680048,2.7087615462038084,12714.56751344097,12848.689642318195,2023,2,1,59,0.8660254037844386,0.5000000000000001,10495.28129069367,13851.457788896287,19575.544509191455,13270.660754159686
2023-02-28,Lithium,9517.385845190202,13337.218347941944,-3819.832502751742,58.35681176202476,16.932972226924893,-33.67630073867435,13855.222864790332,13436.20836396665,2023,2,1,59,0.8660254037844386,0.5000000000000001,11405.866193206133,14836.578903322075,12090.144486849473,20109.27993535348
2023-03-31,Copper,9958.422156959867,13492.932704947794,-3534.5105479879276,57.535834430037724,48.27019149435468,61.10009851740521,11271.325636357804,11810.926625279899,2023,3,1,90,1.0,6.123233995736766e-17,9100.232871461241,12832.410719753054,16560.790795841815,8375.496246819503
2023-03-31,Graphite,12749.236727449963,15051.42943928549,-2302.192711835527,54.140535154855726,10.42761876174576,58.87478150198533,13058.947346524894,13313.494697780176,2023,3,1,90,1.0,6.123233995736766e-17,13630.131309595523,14018.289940033725,9155.330603511356,9473.768773741731
2023-03-31,Lithium,10685.546799757763,10992.133836764177,-306.5870370064131,50.707149076847934,-17.583010564865166,-1.4046218343066186,11911.739459304086,13423.158571065615,2023,3,1,90,1.0,6.123233995736766e-17,13337.218347941944,16822.58405322292,20158.608385584215,11148.731351576609
2023-04-30,Lithium,12905.602710504507,17536.227227508738,-4630.624517004231,57.60569342650109,59.53433144033649,75.78313933712822,13955.193137404953,14053.17270687393,2023,4,2,120,0.8660254037844387,-0.4999999999999998,10992.133836764177,11405.866193206133,11803.332793728454,9976.057597808987
2023-04-30,Copper,10710.711840183983,11136.769262356878,-426.0574221728948,50.975072183775325,-17.46220405981067,-5.302708039804704,11243.31161292197,11758.958370536691,2023,4,2,120,0.8660254037844387,-0.4999999999999998,13492.932704947794,11220.811332664376,7892.580382218841,11760.388319275346
2023-04-30,Graphite,6836.98573411255,6838.269937452548,-1.2842033399983848,50.00469535404252,-54.567305616806784,-47.39687244847135,11839.943562111186,12800.038839608746,2023,4,2,120,0.8660254037844387,-0.4999999999999998,15051.42943928549,10495.28129069367,12858.67328284908,12999.74023550968
2023-05-31,Copper,11492.265437215317,13101.523474852125,-1609.2580376368078,53.271675713308234,17.642048301532686,28.704926134485408,12577.0751473856,12002.459969432946,2023,5,2,151,0.49999999999999994,-0.8660254037844387,11136.769262356878,9100.232871461241,14669.442973783669,10179.504288097083
2023-05-31,Graphite,13082.333187853299,7502.606114865001,5579.7270729882985,36.447064548178,9.71497445244076,-48.943118630138294,9797.435163867678,12200.705750605857,2023,5,2,151,0.49999999999999994,-0.8660254037844387,6838.269937452548,13630.131309595523,13851.457788896287,14694.603182899657
2023-05-31,Lithium,9853.099481224615,13679.807815575576,-3826.7083343509603,58.13054733545668,-21.99115785796658,-15.356084142669957,14069.389626616163,13846.357015374013,2023,5,2,151,0.49999999999999994,-0.8660254037844387,17536.227227508738,13337.218347941944,14836.578903322075,16161.596113574564
2023-06-30,Copper,16311.883902876285,10416.238861454536,5895.645041421749,38.97108283023603,-20.495972232175063,7.469216114374877,11551.510532887847,12062.78820571625,2023,6,2,181,1.2246467991473532e-16,-1.0,13101.523474852125,13492.932704947794,12832.410719753054,9692.300026054883
2023-06-30,Graphite,11834.137354659479,8979.19787806141,2854.9394765980687,43.14156178076211,19.681051365215897,-8.681171083969463,7773.357976792984,12129.572234201898,2023,6,2,181,1.2246467991473532e-16,-1.0,7502.606114865001,15051.42943928549,14018.289940033725,9832.800074908931
2023-06-30,Lithium,14204.058073783943,15969.323245770624,-1765.2651719866808,52.925202769440126,16.73645902823464,14.906586753075747,15728.452762951645,14018.995872928897,2023,6,2,181,1.2246467991473532e-16,-1.0,13679.807815575576,10992.133836764177,16822.58405322292,13897.65695511199
2023-07-31,Copper,8016.767890217391,13745.479819726985,-5728.711929509594,63.16204099379824,31.96202585745571,39.637364814109155,12421.080718677882,12387.936730542684,2023,7,3,212,-0.4999999999999997,-0.8660254037844388,10416.238861454536,11136.769262356878,11220.811332664376,9843.697521809809
2023-07-31,Graphite,15885.131787620981,7697.490646694307,8187.641140926675,32.64052023109024,-14.27418405043348,-43.395204838573,8059.764879873571,11637.808561760821,2023,7,3,212,-0.4999999999999997,-0.8660254037844388,8979.19787806141,6838.269937452548,10495.28129069367,13598.654715987235
2023-07-31,Lithium,8236.429200938499,19533.889893142492,-11297.460692203993,70.3408910317706,22.321338183920368,103.56018200249899,16394.340318162896,14847.142931884737,2023,7,3,212,-0.4999999999999997,-0.8660254037844388,15969.323245770624,17536.227227508738,11405.866193206133,9596.125185672454
2023-08-31,Lithium,13521.86341849997,17519.437740553683,-3997.5743220537133,56.43912170686788,-10.312601144004585,44.90676897707622,17674.216959822264,15299.584036360086,2023,8,3,243,-0.8660254037844385,-0.5000000000000004,19533.889893142492,13679.807815575576,13337.218347941944,12090.144486849473
2023-08-31,Copper,14643.23183835087,11404.006866028973,3239.2249723218974,43.782018491316656,-17.0344941348473,-21.27581690060415,11855.241849070166,12131.10167209086,2023,8,3,243,-0.8660254037844385,-0.5000000000000004,13745.479819726985,13101.523474852125,9100.232871461241,14486.02756745086
2023-08-31,Graphite,11207.709208080565,18441.738691109484,-7234.029483028919,62.1992650716888,139.581177003824,-5.791950346768681,11706.142405288401,11543.324743587322,2023,8,3,243,-0.8660254037844385,-0.5000000000000004,7697.490646694307,7502.606114865001,13630.131309595523,19575.544509191455
2023-09-30,Lithium,9996.913600093036,20394.310911603246,-10397.39731151021,67.10592034142734,16.409620066715135,1.1692400661326818,19149.21284843314,15319.225913528338,2023,9,3,273,-1.0,-1.8369701987210297e-16,17519.437740553683,15969.323245770624,10992.133836764177,20158.608385584215
2023-09-30,Copper,10987.454167146769,14838.830841279701,-3851.3766741329327,57.4563118018645,30.119448502636526,-10.397812373757375,13329.439175678554,11987.605009210682,2023,9,3,273,-1.0,-1.8369701987210297e-16,11404.006866028973,10416.238861454536,13492.932704947794,16560.790795841815
2023-09-30,Graphite,11390.209550802985,13132.146346511672,-1741.936795708687,53.55173214800997,-28.79117003841669,43.43716153161179,13090.458561438485,11874.726055504017,2023,9,3,273,-1.0,-1.8369701987210297e-16,18441.738691109484,8979.19787806141,15051.42943928549,9155.330603511356
2023-10-31,Copper,9309.146899482237,13591.007484428152,-4281.8605849459145,59.34897755089883,-8.409175697186788,72.19979811732131,13277.94839724561,12462.47393439479,2023,10,4,304,-0.8660254037844386,0.5000000000000001,14838.830841279701,13745.479819726985,11136.769262356878,7892.580382218841
2023-10-31,Graphite,11094.517021792439,12388.319456197987,-1293.8024344055484,52.75478312770729,-5.664168451117435,-3.6578721327219066,14654.06816460638,11835.529903283094,2023,10,4,304,-0.8660254037844386,0.5000000000000001,13132.146346511672,7697.490646694307,6838.269937452548,12858.67328284908
2023-10-31,Lithium,11377.04018157312,14874.551965757715,-3497.511784184595,56.66152316506299,-27.065189747132322,26.019932045473748,17596.10020597155,15575.160844530777,2023,10,4,304,-0.8660254037844386,0.5000000000000001,20394.310911603246,19533.889893142492,17536.227227508738,11803.332793728454
2023-11-30,Copper,12009.713904888624,8186.7422918168795,3822.9716130717443,40.535538572120004,-39.76353628532093,-44.191866682002,12205.526872508242,11922.248877564225,2023,11,4,334,-0.5000000000000004,0.8660254037844384,13591.007484428152,11404.006866028973,13101.523474852125,14669.442973783669
2023-11-30,Graphite,4184.204921024212,12308.965056316327,-8124.760135292115,74.63068090141093,-0.6405582303736779,-11.135959522011218,12609.810286341994,11706.988842234763,2023,11,4,334,-0.5000000000000004,0.8660254037844384,12388.319456197987,18441.738691109484,7502.606114865001,13851.457788896287
2023-11-30,Lithium,4522.069183408847,16866.48520255724,-12344.416019148393,78.85752771409383,13.391551163255855,13.681767963237434,17378.449359972736,15744.319702800372,2023,11,4,334,-0.5000000000000004,0.8660254037844384,14874.551965757715,17519.437740553683,13679.807815575576,14836.578903322075
2023-12-31,Graphite,17394.363524187633,16171.998312174796,1222.3652120128372,48.17918126192537,31.383899768861223,15.363559901771362,13623.09427489637,11886.464539913184,2023,12,4,365,-2.4492935982947064e-16,1.0,12308.965056316327,13132.146346511672,8979.19787806141,14018.289940033725
2023-12-31,Copper,13969.486931498112,11178.782520605095,2790.7044108930168,44.451498111613354,36.54738505423496,-12.886340963218334,10985.51076561671,11784.446527635228,2023,12,4,365,-2.4492935982947064e-16,1.0,8186.7422918168795,14838.830841279701,10416.238861454536,12832.410719753054
2023-12-31,Lithium,12290.354910980714,11316.008616567335,974.3462944133789,47.93626347133827,-32.90831800064878,-32.73323182237642,14352.348594960764,15285.438416412408,2023,12,4,365,-2.4492935982947064e-16,1.0,16866.48520255724,20394.310911603246,15969.323245770624,16822.58405322292
2024-01-31,Graphite,13597.35291380743,14037.487197667791,-440.1342838603614,50.796339479593364,-13.198808664851736,33.7504618395988,14172.816855386302,12181.64836549436,2024,1,1,31,0.49999999999999994,0.8660254037844387,16171.998312174796,12388.319456197987,7697.490646694307,10495.28129069367
2024-01-31,Copper,9526.568093799167,10106.931967524613,-580.363873725446,51.47799391833531,-9.588258391330285,-9.926905747868698,9824.152259982196,11691.623247206915,2024,1,1,31,0.49999999999999994,0.8660254037844387,11178.782520605095,13591.007484428152,13745.479819726985,11220.811332664376
2024-01-31,Lithium,8093.255927330143,7767.522040959429,325.73388637071366,48.97314656625939,-31.358111290342272,-31.89888510540192,11983.338620028002,14982.24307039185,2024,1,1,31,0.49999999999999994,0.8660254037844387,11316.008616567335,14874.551965757715,19533.889893142492,11405.866193206133
2024-02-29,Graphite,7245.907613602044,16398.610564323993,-9152.702950721949,69.35480960501596,16.82012837061382,20.31146429806938,15536.032024722192,12412.354970055067,2024,2,1,60,0.8660254037844386,0.5000000000000001,14037.487197667791,12308.965056316327,18441.738691109484,13630.131309595523
2024-02-29,Copper,17875.852332286624,14259.39168351634,3616.460648770284,44.37306179005232,41.085264344653005,56.69260210070517,11848.368723882015,12121.553148211506,2024,2,1,60,0.8660254037844386,0.5000000000000001,10106.931967524613,8186.7422918168795,11404.006866028973,9100.232871461241
2024-02-29,Lithium,9274.342923065136,17221.56181093413,-7947.218887868994,64.9970702409554,121.71242926794395,29.124089908834527,12101.697489486964,15305.938358974534,2024,2,1,60,0.8660254037844386,0.5000000000000001,7767.522040959429,16866.48520255724,17519.437740553683,13337.218347941944
