Year,Mineral,HS_Code,Flow,Country,Value_USD,Volume
2018-2019,RareEarthMetal-Compounds,28461010,Import,AUSTRIA,,
2018-2019,RareEarthMetal-Compounds,28461010,Import,BELGIUM,0.01,520.0
2018-2019,RareEarthMetal-Compounds,28461010,Import,CHINA P RP,0.33,98701.0
2018-2019,RareEarthMetal-Compounds,28461010,Import,FRANCE,0.01,400.0
2018-2019,RareEarthMetal-Compounds,28461010,Import,GERMANY,0.0,250.0
2018-2019,RareEarthMetal-Compounds,28461010,Import,JAPAN,0.02,670.0
2018-2019,RareEarthMetal-Compounds,28461010,Import,KOREA RP,0.04,1400.0
2018-2019,RareEarthMetal-Compounds,28461010,Import,MALAYSIA,,
2018-2019,RareEarthMetal-Compounds,28461010,Import,NORWAY,0.0,250.0
2018-2019,RareEarthMetal-Compounds,28461010,Import,POLAND,,
2018-2019,RareEarthMetal-Compounds,28461010,Import,SPAIN,,
2018-2019,RareEarthMetal-Compounds,28461010,Import,U K,0.02,752.0
2018-2019,RareEarthMetal-Compounds,28461010,Import,U S A,0.03,1012.0
2019-2020,RareEarthMetal-Compounds,28461010,Import,BELGIUM,0.0,1.0
2019-2020,RareEarthMetal-Compounds,28461010,Import,CHINA P RP,0.31,91000.0
2019-2020,RareEarthMetal-Compounds,28461010,Import,CZECH REPUBLIC,0.0,25.0
2019-2020,RareEarthMetal-Compounds,28461010,Import,FRANCE,0.0,
2019-2020,RareEarthMetal-Compounds,28461010,Import,GERMANY,0.0,251.0
2019-2020,RareEarthMetal-Compounds,28461010,Import,JAPAN,0.0,1.0
2019-2020,RareEarthMetal-Compounds,28461010,Import,KOREA RP,,
2019-2020,RareEarthMetal-Compounds,28461010,Import,NORWAY,,
2019-2020,RareEarthMetal-Compounds,28461010,Import,U K,0.19,10505.0
2019-2020,RareEarthMetal-Compounds,28461010,Import,U S A,0.02,712.0
2020-2021,RareEarthMetal-Compounds,28461010,Import,BELGIUM,0.0,3.0
2020-2021,RareEarthMetal-Compounds,28461010,Import,CHINA P RP,1.12,134000.0
2020-2021,RareEarthMetal-Compounds,28461010,Import,CZECH REPUBLIC,,
2020-2021,RareEarthMetal-Compounds,28461010,Import,ESTONIA,0.0,100.0
2020-2021,RareEarthMetal-Compounds,28461010,Import,FRANCE,,
2020-2021,RareEarthMetal-Compounds,28461010,Import,GERMANY,0.2,10400.0
2020-2021,RareEarthMetal-Compounds,28461010,Import,HONG KONG,0.02,3720.0
2020-2021,RareEarthMetal-Compounds,28461010,Import,JAPAN,0.0,
2020-2021,RareEarthMetal-Compounds,28461010,Import,NORWAY,0.29,15500.0
2020-2021,RareEarthMetal-Compounds,28461010,Import,SOUTH AFRICA,0.07,3000.0
2020-2021,RareEarthMetal-Compounds,28461010,Import,SWITZERLAND,0.0,10.0
2020-2021,RareEarthMetal-Compounds,28461010,Import,TAIWAN,0.01,500.0
2020-2021,RareEarthMetal-Compounds,28461010,Import,U ARAB EMTS,0.0,2.0
2020-2021,RareEarthMetal-Compounds,28461010,Import,U K,0.32,17013.0
2020-2021,RareEarthMetal-Compounds,28461010,Import,U S A,0.0,2.0
2021-2022,RareEarthMetal-Compounds,28461010,Import,AUSTRIA,0.02,200.0
2021-2022,RareEarthMetal-Compounds,28461010,Import,BELGIUM,0.0,2.0
2021-2022,RareEarthMetal-Compounds,28461010,Import,CHINA P RP,1.05,109775.0
2021-2022,RareEarthMetal-Compounds,28461010,Import,ESTONIA,,
2021-2022,RareEarthMetal-Compounds,28461010,Import,GERMANY,0.01,110.0
2021-2022,RareEarthMetal-Compounds,28461010,Import,HONG KONG,0.0,2.0
2021-2022,RareEarthMetal-Compounds,28461010,Import,ITALY,0.0,3.0
2021-2022,RareEarthMetal-Compounds,28461010,Import,JAPAN,,
2021-2022,RareEarthMetal-Compounds,28461010,Import,NORWAY,,
2021-2022,RareEarthMetal-Compounds,28461010,Import,SOUTH AFRICA,0.05,2500.0
2021-2022,RareEarthMetal-Compounds,28461010,Import,SWITZERLAND,,
2021-2022,RareEarthMetal-Compounds,28461010,Import,TAIWAN,,
2021-2022,RareEarthMetal-Compounds,28461010,Import,U ARAB EMTS,,
2021-2022,RareEarthMetal-Compounds,28461010,Import,U K,0.03,17.0
2021-2022,RareEarthMetal-Compounds,28461010,Import,U S A,0.0,30.0
2022-2023,RareEarthMetal-Compounds,28461010,Import,AUSTRIA,,
2022-2023,RareEarthMetal-Compounds,28461010,Import,BELGIUM,,
2022-2023,RareEarthMetal-Compounds,28461010,Import,CHINA P RP,1.9,178650.0
2022-2023,RareEarthMetal-Compounds,28461010,Import,ESTONIA,0.02,1000.0
2022-2023,RareEarthMetal-Compounds,28461010,Import,FRANCE,0.0,
2022-2023,RareEarthMetal-Compounds,28461010,Import,GERMANY,0.01,151.0
2022-2023,RareEarthMetal-Compounds,28461010,Import,HONG KONG,,
2022-2023,RareEarthMetal-Compounds,28461010,Import,ITALY,,
2022-2023,RareEarthMetal-Compounds,28461010,Import,KOREA RP,0.02,22000.0
2022-2023,RareEarthMetal-Compounds,28461010,Import,POLAND,0.0,50.0
2022-2023,RareEarthMetal-Compounds,28461010,Import,SOUTH AFRICA,,
2022-2023,RareEarthMetal-Compounds,28461010,Import,U K,0.0,
2022-2023,RareEarthMetal-Compounds,28461010,Import,U S A,0.02,1201.0
2023-2024,RareEarthMetal-Compounds,28461010,Import,BELGIUM,0.0,2.0
2023-2024,RareEarthMetal-Compounds,28461010,Import,CHINA P RP,2.23,231250.0
2023-2024,RareEarthMetal-Compounds,28461010,Import,ESTONIA,0.01,200.0
2023-2024,RareEarthMetal-Compounds,28461010,Import,FRANCE,0.01,800.0
2023-2024,RareEarthMetal-Compounds,28461010,Import,GERMANY,0.04,1830.0
2023-2024,RareEarthMetal-Compounds,28461010,Import,JAPAN,0.0,17.0
2023-2024,RareEarthMetal-Compounds,28461010,Import,KOREA RP,0.0,1.0
2023-2024,RareEarthMetal-Compounds,28461010,Import,NETHERLAND,0.0,60.0
2023-2024,RareEarthMetal-Compounds,28461010,Import,POLAND,,
2023-2024,RareEarthMetal-Compounds,28461010,Import,SPAIN,0.0,
2023-2024,RareEarthMetal-Compounds,28461010,Import,U K,0.01,4.0
2023-2024,RareEarthMetal-Compounds,28461010,Import,U S A,0.01,10.0
2024-2025,RareEarthMetal-Compounds,28461010,Import,BELGIUM,0.0,
2024-2025,RareEarthMetal-Compounds,28461010,Import,CHINA P RP,1.23,129870.0
2024-2025,RareEarthMetal-Compounds,28461010,Import,ESTONIA,0.01,500.0
2024-2025,RareEarthMetal-Compounds,28461010,Import,FRANCE,,
2024-2025,RareEarthMetal-Compounds,28461010,Import,GERMANY,0.03,1070.0
2024-2025,RareEarthMetal-Compounds,28461010,Import,JAPAN,0.0,32.0
2024-2025,RareEarthMetal-Compounds,28461010,Import,KOREA RP,0.0,
2024-2025,RareEarthMetal-Compounds,28461010,Import,NETHERLAND,,
2024-2025,RareEarthMetal-Compounds,28461010,Import,SPAIN,,
2024-2025,RareEarthMetal-Compounds,28461010,Import,U K,0.01,17.0
2024-2025,RareEarthMetal-Compounds,28461010,Import,U S A,0.0,7.0
